"parameter","unit","value","valid","errors","cost_proxy","assumed_dsp","prefill_serial_latency_ms","prefill_scheduled_latency_ms","prefill_scheduled_throughput","prefill_speedup","prefill_critical_path_ms","prefill_aggregate_resource_bound_ms","prefill_compute_service_ms","prefill_l1_service_ms","prefill_hbm_service_ms","prefill_dominant_service","decode_serial_latency_ms","decode_scheduled_latency_ms","decode_scheduled_throughput","decode_speedup","decode_critical_path_ms","decode_aggregate_resource_bound_ms","decode_compute_service_ms","decode_l1_service_ms","decode_hbm_service_ms","decode_dominant_service"
"matrixCount","units","1","true","","2632","288","14105.285930931781","13400.427391563735","38.207736592217245","1.052599705872948","10542.98644269919","12596.810097777752","14103.457861676516","1186.3537224069478","41.00172017735871","Matrix","47.31071283424893","45.06319398923959","22.19105907669982","1.0498748234655984","35.895197202380906","42.89656837158425","41.00377962301575","42.89656837158425","6.219504354717331","Shared L1"
"matrixCount","units","2","true","","2888","544","7811.295530931772","7452.095505849413","68.70550700780916","1.048201210625979","6013.35657603251","6298.405119999987","7805.052883898786","1186.3537224069478","41.00172017735871","Matrix","46.78095693681305","44.5334380918037","22.4550369980091","1.0504681188184075","35.36544130494501","42.89656837158425","23.70045517857133","42.89656837158425","6.219504354717331","Shared L1"
"matrixCount","units","4","true","","3400","1056","4664.300330931783","4477.9899058493365","114.33701521551093","1.0416058162255077","3748.541642699186","3149.2026311111044","4655.850395009898","1186.3537224069478","41.00172017735871","Matrix","46.78095693681305","44.5334380918037","22.4550369980091","1.0504681188184075","35.36544130494501","42.89656837158425","15.048792956349144","42.89656837158425","6.219504354717331","Shared L1"
"matrixCount","units","8","true","","4424","2080","3090.8027309317804","2990.937105849326","171.18380690743714","1.0333894099234482","2616.13417603251","1574.6013866666635","3081.249150565461","1186.3537224069478","41.00172017735871","Matrix","46.78095693681305","44.5334380918037","22.4550369980091","1.0504681188184075","35.36544130494501","42.89656837158425","10.722961845238064","42.89656837158425","6.219504354717331","Shared L1"
"matrixCount","units","16","true","","6472","4128","2304.343063239469","2247.41070584934","227.81772760422322","1.0253324224370521","2049.930442699173","1488.0262095238108","2293.948528343249","1186.3537224069478","41.00172017735871","Vector","46.78095693681305","44.5334380918037","22.4550369980091","1.0504681188184075","35.36544130494501","42.89656837158425","8.560046289682491","42.89656837158425","6.219504354717331","Shared L1"
"matrixCount","units","32","false","Estimated DSP demand exceeds the configured usable budget.","","","","","","","","","","","","","","","","","","","","","",""
"vectorCount","units","1","true","","3144","1040","6152.297634961082","5953.097908779785","86.00564073453066","1.0334615236022764","5208.258823651557","3149.2026311111044","6143.876604533705","1186.3537224069478","41.00172017735871","Matrix","49.769146543040044","45.26819292696847","22.090565921491674","1.0994286125654056","38.29907706501821","42.89656837158425","18.037560218253848","42.89656837158425","6.219504354717331","Shared L1"
"vectorCount","units","2","true","","3400","1056","4664.300330931783","4477.9899058493365","114.33701521551093","1.0416058162255077","3748.541642699186","3149.2026311111044","4655.850395009898","1186.3537224069478","41.00172017735871","Matrix","46.78095693681305","44.5334380918037","22.4550369980091","1.0504681188184075","35.36544130494501","42.89656837158425","15.048792956349144","42.89656837158425","6.219504354717331","Shared L1"
"vectorCount","units","4","true","","3912","1088","3970.662377131087","3958.966330729941","129.32668712683878","1.0029543182295741","3068.810874612765","3149.2026311111044","3911.837290248002","1186.3537224069478","41.00172017735871","Matrix","45.91545618065013","44.01855092309498","22.717694677117038","1.043093314472556","34.52702186746346","42.89656837158425","13.55440932539677","42.89656837158425","6.219504354717331","Shared L1"
"vectorCount","units","8","true","","4936","1152","3917.9628723691717","3908.452883110885","130.9981251692818","1.0024331850844055","3022.7088555651426","3149.2026311111044","3539.8307378670465","1186.3537224069478","41.00172017735871","Matrix","45.795485702170275","43.95850111769206","22.748728336361044","1.041789063270378","34.419937103269326","42.89656837158425","12.807217509920626","42.89656837158425","6.219504354717331","Shared L1"
"vectorCount","units","16","true","","6984","1280","3895.5080943472053","3887.0924772901344","131.71798792832888","1.0021650159100248","3003.3155632574544","3149.2026311111044","3353.8274616765866","1186.3537224069478","41.00172017735871","Matrix","45.74452989859888","43.92895872414811","22.764026943581793","1.0413297111331878","34.374960763983616","42.89656837158425","12.433621602182551","42.89656837158425","6.219504354717331","Shared L1"
"vectorCount","units","32","true","","11080","1536","3892.0784855559978","3884.1616289384906","131.81737757394131","1.0020382407772435","3001.2320467739373","3149.2026311111044","3260.825823581351","1186.3537224069478","41.00172017735871","Matrix","45.72165561975272","43.912715729642606","22.772447191758747","1.0411939881205983","34.354715571675925","42.89656837158425","12.246823648313496","42.89656837158425","6.219504354717331","Shared L1"
"recurrentCount","units","0","true","","3400","1056","4664.300330931783","4477.9899058493365","114.33701521551093","1.0416058162255077","3748.541642699186","3149.2026311111044","4655.850395009898","1186.3537224069478","41.00172017735871","Matrix","46.78095693681305","44.5334380918037","22.4550369980091","1.0504681188184075","35.36544130494501","42.89656837158425","15.048792956349144","42.89656837158425","6.219504354717331","Shared L1"
"recurrentCount","units","1","true","","4688","1184","4033.0043309317894","3831.2461344207422","133.63798149121286","1.052661246349695","3117.2456426991835","3149.2026311111044","4024.5543950098945","509.00135317617844","41.00172017735871","Matrix","45.547956936812994","43.300438091803684","23.094454561402912","1.0519052218419642","34.132441304945004","41.76229144850734","13.815792956349158","41.76229144850734","6.219504354717331","Shared L1"
"recurrentCount","units","2","true","","5976","1312","3717.356330931791","3515.598134420747","145.63666847671726","1.057389436675272","2801.597642699182","3149.2026311111044","3708.9063950098985","509.00135317617844","41.00172017735871","Matrix","45.03485647826912","42.787337633259796","23.371400402876947","1.0525276628397244","33.61934084640112","41.76229144850734","13.199292956349154","41.76229144850734","6.219504354717331","Shared L1"
"recurrentCount","units","4","true","","8552","1568","3559.532330931788","3357.774134420748","152.48196558293088","1.0600868874540441","2643.773642699179","3149.2026311111044","3551.0823950098984","509.00135317617844","41.00172017735871","Matrix","45.03485647826912","42.787337633259796","23.371400402876947","1.0525276628397244","33.61934084640112","41.76229144850734","12.891042956349157","41.76229144850734","6.219504354717331","Shared L1"
"recurrentCount","units","8","true","","13704","2080","3480.620330931788","3294.3099058493203","155.41950048199826","1.0565552210955194","2564.861642699179","3149.2026311111044","3472.170395009898","509.00135317617844","41.00172017735871","Matrix","45.03485647826912","42.787337633259796","23.371400402876947","1.0525276628397244","33.61934084640112","41.76229144850734","12.736917956349156","41.76229144850734","6.219504354717331","Shared L1"
"recurrentCount","units","16","true","","24008","3104","3441.164330931787","3292.6475251899888","155.4979681496449","1.0451055889236818","2525.4056426991774","3149.2026311111044","3432.7143950098985","509.00135317617844","41.00172017735871","Matrix","45.03485647826912","42.787337633259796","23.371400402876947","1.0525276628397244","33.61934084640112","41.76229144850734","12.659855456349158","41.76229144850734","6.219504354717331","Shared L1"
"dmaCount","engines","1","true","","3400","1056","4664.300330931783","4477.9899058493365","114.33701521551093","1.0416058162255077","3748.541642699186","3149.2026311111044","4655.850395009898","1186.3537224069478","41.00172017735871","Matrix","46.78095693681305","44.5334380918037","22.4550369980091","1.0504681188184075","35.36544130494501","42.89656837158425","15.048792956349144","42.89656837158425","6.219504354717331","Shared L1"
"dmaCount","engines","2","true","","3440","1056","4654.989553744286","4471.442675268979","114.50443116084467","1.0410486931858667","3741.8267092616866","3149.2026311111044","4646.539617822398","1186.3537224069478","41.00172017735871","Matrix","45.10116631181304","43.832590737179146","22.814074714315076","1.0289413779404528","35.30037442994501","42.89656837158425","13.369002331349156","42.89656837158425","6.219504354717331","Shared L1"
"dmaCount","engines","4","true","","3520","1056","4651.9896502787415","4469.660885619826","114.55007731061879","1.040792527514899","3740.0995215172943","3149.2026311111044","4641.884229228646","1186.3537224069478","41.00172017735871","Matrix","44.26133662831945","43.79167128949142","22.835392451440132","1.0107249923329766","35.267857390682174","42.89656837158425","12.529107018849162","42.89656837158425","6.219504354717331","Shared L1"
"dmaCount","engines","8","true","","3680","1056","4651.652295987875","4469.585242530884","114.55201595172669","1.040734664085721","3740.023878428352","3149.2026311111044","4639.556534931769","1186.3537224069478","41.00172017735871","Matrix","44.067613106684824","43.783745123626055","22.839526339659603","1.006483410276057","35.260374301739894","42.89656837158425","12.10915936259916","42.89656837158425","6.219504354717331","Shared L1"
"dmaCount","engines","16","true","","4000","1056","4651.652295987875","4469.585242530884","114.55201595172669","1.040734664085721","3740.023878428352","3149.2026311111044","4638.392687783332","1186.3537224069478","41.00172017735871","Matrix","44.067613106684824","43.783745123626055","22.839526339659603","1.006483410276057","35.260374301739894","42.89656837158425","11.899185534474165","42.89656837158425","6.219504354717331","Shared L1"
"l1Banks","banks","1","true","","3400","1056","37963.44022324939","37963.40662324933","13.48667165413032","1.0000008850628288","33703.965583688994","37963.31911702233","4655.850395009898","37963.31911702233","41.00172017735871","Shared L1","1372.7980710408808","1372.7692710408878","0.7284545342727263","1.000020979490582","1093.9063468650568","1372.690187890696","15.048792956349144","1372.690187890696","6.219504354717331","Shared L1"
"l1Banks","banks","2","true","","3400","1056","18986.36644056245","18983.24243992159","26.97115635647515","1.0001645662299656","16852.014725177796","18981.659558511165","4655.850395009898","18981.659558511165","41.00172017735871","Shared L1","686.5132040186099","686.47572709553","1.4567157446789665","1.0000545932239127","547.0363770955324","686.345093945348","15.048792956349144","686.345093945348","6.219504354717331","Shared L1"
"l1Banks","banks","4","true","","3400","1056","9543.26533881602","9522.846214365589","53.765438239213374","1.0021442249502703","8465.296342662166","9490.829779255582","4655.850395009898","9490.829779255582","41.00172017735871","Shared L1","343.493529573408","343.45753726571724","2.9115680731919595","1.000104794053953","273.71208341956145","343.172546972674","15.048792956349144","343.172546972674","6.219504354717331","Shared L1"
"l1Banks","banks","8","true","","3400","1056","6182.441696095256","6166.264839657599","83.03243751503064","1.0026234449635731","5262.430537532998","4745.414889627791","4655.850395009898","4745.414889627791","41.00172017735871","Matrix","172.7794154208613","171.91333739888285","5.816884339111774","1.0050378756824954","137.09781275602597","171.586273486337","15.048792956349144","171.586273486337","6.219504354717331","Shared L1"
"l1Banks","banks","16","true","","3400","1056","4775.59533322048","4759.888573632569","107.56554320120581","1.0032998166543055","3859.313082350525","3149.2026311111044","4655.850395009898","2372.7074448138956","41.00172017735871","Matrix","88.3632413677107","86.72291101285687","11.530978242321083","1.0189146136320384","68.86004331826025","85.7931367431685","15.048792956349144","85.7931367431685","6.219504354717331","Shared L1"
"l1Banks","banks","32","true","","3400","1056","4664.300330931783","4477.9899058493365","114.33701521551093","1.0416058162255077","3748.541642699186","3149.2026311111044","4655.850395009898","1186.3537224069478","41.00172017735871","Matrix","46.78095693681305","44.5334380918037","22.4550369980091","1.0504681188184075","35.36544130494501","42.89656837158425","15.048792956349144","42.89656837158425","6.219504354717331","Shared L1"
"l1Banks","banks","64","true","","3400","1056","4659.013528001378","4470.514461160694","114.52820574638466","1.0421649607619754","3743.283745263289","3149.2026311111044","4655.850395009898","593.1768612034739","41.00172017735871","Matrix","26.63109722985341","22.7650301093175","43.9270229469501","1.16982481911823","19.246538740842507","21.448284185792126","15.048792956349144","21.448284185792126","6.219504354717331","Shared L1"
"l1Banks","banks","128","true","","3400","1056","4656.384579283429","4467.72132782736","114.59980657499605","1.0422280705560065","3740.65479654534","3149.2026311111044","4655.850395009898","296.58843060173695","41.00172017735871","Matrix","16.690175178571426","13.112742229853353","76.26169892391636","1.272821114455636","11.321093612637346","10.724142092896063","15.048792956349144","10.724142092896063","6.219504354717331","Shared L1"
"l1Banks","banks","256","true","","3400","1056","4655.963061676592","4467.217717912831","114.61272593609252","1.0422512077275574","3740.2332789385023","3149.2026311111044","4655.850395009898","148.29421530086847","41.00172017735871","Matrix","15.156659623015893","11.588617323336303","86.2915714704181","1.3078919771122763","10.10236164682538","8.700444444444452","15.048792956349144","5.3620710464480315","6.219504354717331","Matrix"
"l1Banks","banks","512","true","","3400","1056","4655.963061676592","4467.177410220522","114.61376009571224","1.0422606120419897","3740.2332789385023","3149.2026311111044","4655.850395009898","74.14710765043424","41.00172017735871","Matrix","15.156659623015893","11.592579168002054","86.2620807249011","1.307444995920446","10.10236164682538","8.700444444444452","15.048792956349144","2.6810355232240157","6.219504354717331","Matrix"
"l1Banks","banks","1024","true","","3400","1056","4655.963061676592","4467.157717912832","114.61426534078569","1.0422652065779254","3740.2332789385023","3149.2026311111044","4655.850395009898","37.07355382521712","41.00172017735871","Matrix","15.156659623015893","11.580748368723205","86.35020537193931","1.3087806712000027","10.10236164682538","8.700444444444452","15.048792956349144","1.3405177616120079","6.219504354717331","Matrix"
"hbmGBs","GB/s","25","true","","3400","1056","4685.022979945703","4499.057469148972","113.80161367372985","1.0413343265943895","3769.264291713106","3149.2026311111044","4655.850395009898","1186.3537224069478","754.4316512633991","Matrix","118.93552746282097","115.98942046185867","8.621475958911567","1.0253997906811776","92.55172066611745","114.43888012679872","15.048792956349144","42.89656837158425","114.43888012679872","HBM"
"hbmGBs","GB/s","50","true","","3400","1056","4668.768874345703","4482.458449263257","114.22303314025211","1.0415643395675132","3753.0101861131056","3149.2026311111044","4655.850395009898","1186.3537224069478","377.21582563169954","Matrix","63.325289432051385","60.41393991680363","16.552471190872595","1.0481900289776995","48.469382063919404","57.21944006339936","15.048792956349144","42.89656837158425","57.21944006339936","HBM"
"hbmGBs","GB/s","100","true","","3400","1056","4664.300330931783","4477.9899058493365","114.33701521551093","1.0416058162255077","3748.541642699186","3149.2026311111044","4655.850395009898","1186.3537224069478","188.60791281584977","Matrix","46.78095693681305","44.5334380918037","22.4550369980091","1.0504681188184075","35.36544130494501","42.89656837158425","15.048792956349144","42.89656837158425","28.60972003169968","Shared L1"
"hbmGBs","GB/s","200","true","","3400","1056","4664.300330931783","4477.9899058493365","114.33701521551093","1.0416058162255077","3748.541642699186","3149.2026311111044","4655.850395009898","1186.3537224069478","94.30395640792489","Matrix","46.78095693681305","44.5334380918037","22.4550369980091","1.0504681188184075","35.36544130494501","42.89656837158425","15.048792956349144","42.89656837158425","14.30486001584984","Shared L1"
"hbmGBs","GB/s","400","true","","3400","1056","4664.300330931783","4477.9899058493365","114.33701521551093","1.0416058162255077","3748.541642699186","3149.2026311111044","4655.850395009898","1186.3537224069478","47.15197820396244","Matrix","46.78095693681305","44.5334380918037","22.4550369980091","1.0504681188184075","35.36544130494501","42.89656837158425","15.048792956349144","42.89656837158425","7.15243000792492","Shared L1"
"hbmGBs","GB/s","800","true","","3400","1056","4664.300330931783","4477.9899058493365","114.33701521551093","1.0416058162255077","3748.541642699186","3149.2026311111044","4655.850395009898","1186.3537224069478","23.57598910198122","Matrix","46.78095693681305","44.5334380918037","22.4550369980091","1.0504681188184075","35.36544130494501","42.89656837158425","15.048792956349144","42.89656837158425","3.57621500396246","Shared L1"
"hbmGBs","GB/s","1600","true","","3400","1056","4664.300330931783","4477.9899058493365","114.33701521551093","1.0416058162255077","3748.541642699186","3149.2026311111044","4655.850395009898","1186.3537224069478","11.78799455099061","Matrix","46.78095693681305","44.5334380918037","22.4550369980091","1.0504681188184075","35.36544130494501","42.89656837158425","15.048792956349144","42.89656837158425","1.78810750198123","Shared L1"
"l1MiB","MiB","0.015625","true","","2378","1056","23139.439929832904","23113.119910025292","22.151920726977256","1.0011387480318568","17020.236568706532","22384.292435267216","4655.850395009898","22384.292435267216","2270.4487721151595","Shared L1","66.15438385989022","64.90289708905637","15.407632707486883","1.0192824485032868","50.94377976648349","63.627529669076296","15.048792956349144","63.627529669076296","6.6416363545359784","Shared L1"
"l1MiB","MiB","0.03125","true","","2380","1056","12337.14918807465","12319.833010025352","41.559004865029934","1.0014055529839736","9258.930230244954","11581.90692001369","4655.850395009898","11581.90692001369","1144.943443658886","Shared L1","51.167471039377254","49.92016888392822","20.031983512017916","1.0249859362124594","38.89594386904755","48.60214018751165","15.048792956349144","48.60214018751165","6.6284595910595305","Shared L1"
"l1MiB","MiB","0.0625","true","","2384","1056","6937.19727012589","6630.55680196665","77.21825108988415","1.0462465637981246","5379.490312296222","6181.779617711543","4655.850395009898","6181.779617711543","582.1262925351595","Shared L1","48.67043385989006","47.41514324290269","21.090308530274967","1.026474466407423","36.88864130494501","46.04280737822854","15.048792956349144","46.04280737822854","6.609178660379933","Shared L1"
"l1MiB","MiB","0.125","true","","2392","1056","4678.14168038231","4492.324547607593","113.9721751120292","1.0413632476472956","3760.7553789629123","3481.3119361843073","4655.850395009898","3481.3119361843073","300.5924424616213","Matrix","47.42259796245409","46.14859965315906","21.669129887271584","1.0276064348402785","35.884990022893724","44.68897252889292","15.048792956349144","44.68897252889292","6.576312401505199","Shared L1"
"l1MiB","MiB","0.25","true","","2408","1056","4677.5610855105215","4491.732137351187","113.9872067932196","1.0413713334804775","3760.2752148603417","3149.2026311111044","4655.850395009898","2130.3054332260144","159.5273281033686","Matrix","46.79868001373612","45.488250855082086","21.983698673880244","1.0288080797573167","35.383164381868085","43.94480908022171","15.048792956349144","43.94480908022171","6.539028827855109","Shared L1"
"l1MiB","MiB","0.5","true","","2440","1056","4676.753700895134","4490.901121966573","114.00829946925982","1.0413842509289484","3759.63324562958","3149.2026311111044","4655.850395009898","1453.8120199376","88.60446544897339","Matrix","46.78095693681305","45.39963547046669","22.026608575976752","1.0304258272568054","35.36544130494501","43.784074811084515","15.048792956349144","43.784074811084515","6.494686475585987","Shared L1"
"l1MiB","MiB","1","true","","2504","1056","4675.161252543493","4489.261412076461","114.04994118245828","1.0414098942794792","3758.3493071680427","3149.2026311111044","4655.850395009898","1222.5994702838502","52.2401533078843","Matrix","46.78095693681305","45.00605347641909","22.21923325323225","1.0394369939884625","35.36544130494501","43.498052426656294","15.048792956349144","43.498052426656294","6.406001771047749","Shared L1"
"l1MiB","MiB","2","true","","2632","1056","4672.0262371588715","4486.031873614922","114.13204685668484","1.0414607762013228","3755.7814302449615","3149.2026311111044","4655.850395009898","1215.2073541494133","49.9481381685633","Matrix","46.78095693681305","44.72248424564986","22.36011744131297","1.0460276911241444","35.36544130494501","43.11505236933833","15.048792956349144","43.11505236933833","6.287247964455736","Shared L1"
"l1MiB","MiB","4","true","","2888","1056","4667.757174887827","4481.573765189997","114.24558131272748","1.041544202874442","3751.9984866552295","3149.2026311111044","4655.850395009898","1201.6856478420991","45.75556935576007","Matrix","46.78095693681305","44.5334380918037","22.4550369980091","1.0504681188184075","35.36544130494501","42.9161936008562","15.048792956349144","42.9161936008562","6.2255893947499725","Shared L1"
"l1MiB","MiB","8","true","","3400","1056","4664.300330931783","4477.9899058493365","114.33701521551093","1.0416058162255077","3748.541642699186","3149.2026311111044","4655.850395009898","1186.3537224069478","41.00172017735871","Matrix","46.78095693681305","44.5334380918037","22.4550369980091","1.0504681188184075","35.36544130494501","42.89656837158425","15.048792956349144","42.89656837158425","6.219504354717331","Shared L1"
"l1MiB","MiB","16","true","","4424","1056","4664.300330931783","4477.9899058493365","114.33701521551093","1.0416058162255077","3748.541642699186","3149.2026311111044","4655.850395009898","1176.1886202545995","37.849907137326056","Matrix","46.78095693681305","44.5334380918037","22.4550369980091","1.0504681188184075","35.36544130494501","42.85731791304038","15.048792956349144","42.85731791304038","6.207334274652045","Shared L1"
"l1MiB","MiB","32","true","","6472","1056","4664.300330931783","4477.9899058493365","114.33701521551093","1.0416058162255077","3748.541642699186","3149.2026311111044","4655.850395009898","1173.0623236422082","36.88056100757135","Matrix","46.78095693681305","44.5334380918037","22.4550369980091","1.0504681188184075","35.36544130494501","42.77881699595261","15.048792956349144","42.77881699595261","6.182994114521475","Shared L1"
