group,layer,layer_type,shared_input,members,rows_each,rows_total,K,N,weight_bytes,macs
P0.0,0,deltanet,attn_norm,MUL_MAT; MUL_MAT; MUL_MAT; z,6144; 16; 16; 2048,8224,2048,1,33685504,16842752
P0.1,0,deltanet,attn_post_norm,ffn_gate; ffn_up,6144; 6144,12288,2048,1,50331648,25165824
P1.0,1,deltanet,attn_norm,MUL_MAT; MUL_MAT; MUL_MAT; z,6144; 16; 16; 2048,8224,2048,1,33685504,16842752
P1.1,1,deltanet,attn_post_norm,ffn_gate; ffn_up,6144; 6144,12288,2048,1,50331648,25165824
P2.0,2,deltanet,attn_norm,MUL_MAT; MUL_MAT; MUL_MAT; z,6144; 16; 16; 2048,8224,2048,1,33685504,16842752
P2.1,2,deltanet,attn_post_norm,ffn_gate; ffn_up,6144; 6144,12288,2048,1,50331648,25165824
P3.0,3,full_attention,attn_norm,Qcur_full; Vcur; Kcur,4096; 512; 512,5120,2048,1,20971520,10485760
P3.1,3,full_attention,attn_post_norm,ffn_gate; ffn_up,6144; 6144,12288,2048,1,50331648,25165824
P4.0,4,deltanet,attn_norm,MUL_MAT; MUL_MAT; MUL_MAT; z,6144; 16; 16; 2048,8224,2048,1,33685504,16842752
P4.1,4,deltanet,attn_post_norm,ffn_gate; ffn_up,6144; 6144,12288,2048,1,50331648,25165824
P5.0,5,deltanet,attn_norm,MUL_MAT; MUL_MAT; MUL_MAT; z,6144; 16; 16; 2048,8224,2048,1,33685504,16842752
P5.1,5,deltanet,attn_post_norm,ffn_gate; ffn_up,6144; 6144,12288,2048,1,50331648,25165824
P6.0,6,deltanet,attn_norm,MUL_MAT; MUL_MAT; MUL_MAT; z,6144; 16; 16; 2048,8224,2048,1,33685504,16842752
P6.1,6,deltanet,attn_post_norm,ffn_gate; ffn_up,6144; 6144,12288,2048,1,50331648,25165824
P7.0,7,full_attention,attn_norm,Qcur_full; Vcur; Kcur,4096; 512; 512,5120,2048,1,20971520,10485760
P7.1,7,full_attention,attn_post_norm,ffn_gate; ffn_up,6144; 6144,12288,2048,1,50331648,25165824
P8.0,8,deltanet,attn_norm,MUL_MAT; MUL_MAT; MUL_MAT; z,6144; 16; 16; 2048,8224,2048,1,33685504,16842752
P8.1,8,deltanet,attn_post_norm,ffn_gate; ffn_up,6144; 6144,12288,2048,1,50331648,25165824
P9.0,9,deltanet,attn_norm,MUL_MAT; MUL_MAT; MUL_MAT; z,6144; 16; 16; 2048,8224,2048,1,33685504,16842752
P9.1,9,deltanet,attn_post_norm,ffn_gate; ffn_up,6144; 6144,12288,2048,1,50331648,25165824
P10.0,10,deltanet,attn_norm,MUL_MAT; MUL_MAT; MUL_MAT; z,6144; 16; 16; 2048,8224,2048,1,33685504,16842752
P10.1,10,deltanet,attn_post_norm,ffn_gate; ffn_up,6144; 6144,12288,2048,1,50331648,25165824
P11.0,11,full_attention,attn_norm,Qcur_full; Vcur; Kcur,4096; 512; 512,5120,2048,1,20971520,10485760
P11.1,11,full_attention,attn_post_norm,ffn_gate; ffn_up,6144; 6144,12288,2048,1,50331648,25165824
P12.0,12,deltanet,attn_norm,MUL_MAT; MUL_MAT; MUL_MAT; z,6144; 16; 16; 2048,8224,2048,1,33685504,16842752
P12.1,12,deltanet,attn_post_norm,ffn_gate; ffn_up,6144; 6144,12288,2048,1,50331648,25165824
P13.0,13,deltanet,attn_norm,MUL_MAT; MUL_MAT; MUL_MAT; z,6144; 16; 16; 2048,8224,2048,1,33685504,16842752
P13.1,13,deltanet,attn_post_norm,ffn_gate; ffn_up,6144; 6144,12288,2048,1,50331648,25165824
P14.0,14,deltanet,attn_norm,MUL_MAT; MUL_MAT; MUL_MAT; z,6144; 16; 16; 2048,8224,2048,1,33685504,16842752
P14.1,14,deltanet,attn_post_norm,ffn_gate; ffn_up,6144; 6144,12288,2048,1,50331648,25165824
P15.0,15,full_attention,attn_norm,Qcur_full; Vcur; Kcur,4096; 512; 512,5120,2048,1,20971520,10485760
P15.1,15,full_attention,attn_post_norm,ffn_gate; ffn_up,6144; 6144,12288,2048,1,50331648,25165824
P16.0,16,deltanet,attn_norm,MUL_MAT; MUL_MAT; MUL_MAT; z,6144; 16; 16; 2048,8224,2048,1,33685504,16842752
P16.1,16,deltanet,attn_post_norm,ffn_gate; ffn_up,6144; 6144,12288,2048,1,50331648,25165824
P17.0,17,deltanet,attn_norm,MUL_MAT; MUL_MAT; MUL_MAT; z,6144; 16; 16; 2048,8224,2048,1,33685504,16842752
P17.1,17,deltanet,attn_post_norm,ffn_gate; ffn_up,6144; 6144,12288,2048,1,50331648,25165824
P18.0,18,deltanet,attn_norm,MUL_MAT; MUL_MAT; MUL_MAT; z,6144; 16; 16; 2048,8224,2048,1,33685504,16842752
P18.1,18,deltanet,attn_post_norm,ffn_gate; ffn_up,6144; 6144,12288,2048,1,50331648,25165824
P19.0,19,full_attention,attn_norm,Qcur_full; Vcur; Kcur,4096; 512; 512,5120,2048,1,20971520,10485760
P19.1,19,full_attention,attn_post_norm,ffn_gate; ffn_up,6144; 6144,12288,2048,1,50331648,25165824
P20.0,20,deltanet,attn_norm,MUL_MAT; MUL_MAT; MUL_MAT; z,6144; 16; 16; 2048,8224,2048,1,33685504,16842752
P20.1,20,deltanet,attn_post_norm,ffn_gate; ffn_up,6144; 6144,12288,2048,1,50331648,25165824
P21.0,21,deltanet,attn_norm,MUL_MAT; MUL_MAT; MUL_MAT; z,6144; 16; 16; 2048,8224,2048,1,33685504,16842752
P21.1,21,deltanet,attn_post_norm,ffn_gate; ffn_up,6144; 6144,12288,2048,1,50331648,25165824
P22.0,22,deltanet,attn_norm,MUL_MAT; MUL_MAT; MUL_MAT; z,6144; 16; 16; 2048,8224,2048,1,33685504,16842752
P22.1,22,deltanet,attn_post_norm,ffn_gate; ffn_up,6144; 6144,12288,2048,1,50331648,25165824
P23.0,23,full_attention,attn_norm,Qcur_full; Vcur; Kcur,4096; 512; 512,5120,2048,1,20971520,10485760
P23.1,23,full_attention,attn_post_norm,ffn_gate; ffn_up,6144; 6144,12288,2048,1,50331648,25165824
