"parameter","unit","value","valid","errors","cost_proxy","assumed_dsp","prefill_latency_ms","prefill_throughput","prefill_compute_service_ms","prefill_l1_service_ms","prefill_hbm_service_ms","prefill_launch_ms","prefill_dominant","prefill_dominant_share","prefill_lower_bound_ms","prefill_hbm_bytes","prefill_l1_bytes","prefill_spill_bytes","prefill_state_resident","decode_latency_ms","decode_throughput","decode_compute_service_ms","decode_l1_service_ms","decode_hbm_service_ms","decode_launch_ms","decode_dominant","decode_dominant_share","decode_lower_bound_ms","decode_hbm_bytes","decode_l1_bytes","decode_spill_bytes","decode_state_resident"
"matrixCount","units","1","true","","2632","288","14105.285930931781","36.298448858610115","14103.457861676516","1186.3537224069478","41.00172017735871","0.11266666666666472","Matrix","0.8924319054316707","12596.810097777752","13202553897.109493","118445555645.10951","1321135104","0.10381184103811841","47.31071283424893","21.136861824582045","41.00377962301575","42.89656837158425","6.219504354717331","0.10786666666666493","Shared L1","0.8222257676770153","42.89656837158425","2002680402.218978","4282793386.218978","0","0.10381184103811841"
"matrixCount","units","2","true","","2888","544","7811.295530931772","65.54610537682807","7805.052883898786","1186.3537224069478","41.00172017735871","0.11266666666666472","Matrix","0.805758375813137","6298.405119999987","13202553897.109493","118445555645.10951","1321135104","0.10381184103811841","46.78095693681305","21.3762194166036","23.70045517857133","42.89656837158425","6.219504354717331","0.10786666666666493","Shared L1","0.8623106620756966","42.89656837158425","2002680402.218978","4282793386.218978","0","0.10381184103811841"
"matrixCount","units","4","true","","3400","1056","4664.300330931783","109.76994697460191","4655.850395009898","1186.3537224069478","41.00172017735871","0.11266666666666472","Matrix","0.6747038948436083","3149.2026311111044","13202553897.109493","118445555645.10951","1321135104","0.10381184103811841","46.78095693681305","21.3762194166036","15.048792956349144","42.89656837158425","6.219504354717331","0.10786666666666493","Shared L1","0.8623106620756966","42.89656837158425","2002680402.218978","4282793386.218978","0","0.10381184103811841"
"matrixCount","units","8","true","","4424","2080","3090.8027309317804","165.65275903119445","3081.249150565461","1186.3537224069478","41.00172017735871","0.11266666666666472","Matrix","0.5090988125035187","1574.6013866666635","13202553897.109493","118445555645.10951","1321135104","0.10381184103811841","46.78095693681305","21.3762194166036","10.722961845238064","42.89656837158425","6.219504354717331","0.10786666666666493","Shared L1","0.8623106620756966","42.89656837158425","2002680402.218978","4282793386.218978","0","0.10381184103811841"
"matrixCount","units","16","true","","6472","4128","2304.343063239469","222.18913848714226","2293.948528343249","1186.3537224069478","41.00172017735871","0.11266666666666472","Vector","0.6456140704459427","1488.0262095238108","13202553897.109493","118445555645.10951","1321135104","0.10381184103811841","46.78095693681305","21.3762194166036","8.560046289682491","42.89656837158425","6.219504354717331","0.10786666666666493","Shared L1","0.8623106620756966","42.89656837158425","2002680402.218978","4282793386.218978","0","0.10381184103811841"
"matrixCount","units","32","false","Estimated DSP demand exceeds the configured usable budget.","","","","","","","","","","","","","","","","","","","","","","","","","","","",""
"vectorCount","units","1","true","","3144","1040","6152.297634961082","83.22094124486206","6143.876604533705","1186.3537224069478","41.00172017735871","0.11266666666666472","Matrix","0.5115197259177974","3149.2026311111044","13202553897.109493","118445555645.10951","1321135104","0.10381184103811841","49.769146543040044","20.092769706934924","18.037560218253848","42.89656837158425","6.219504354717331","0.10786666666666493","Shared L1","0.8101464508946056","42.89656837158425","2002680402.218978","4282793386.218978","0","0.10381184103811841"
"vectorCount","units","2","true","","3400","1056","4664.300330931783","109.76994697460191","4655.850395009898","1186.3537224069478","41.00172017735871","0.11266666666666472","Matrix","0.6747038948436083","3149.2026311111044","13202553897.109493","118445555645.10951","1321135104","0.10381184103811841","46.78095693681305","21.3762194166036","15.048792956349144","42.89656837158425","6.219504354717331","0.10786666666666493","Shared L1","0.8623106620756966","42.89656837158425","2002680402.218978","4282793386.218978","0","0.10381184103811841"
"vectorCount","units","4","true","","3912","1088","3970.662377131087","128.94574037542174","3911.837290248002","1186.3537224069478","41.00172017735871","0.11266666666666472","Matrix","0.7925684183387597","3149.2026311111044","13202553897.109493","118445555645.10951","1321135104","0.10381184103811841","45.91545618065013","21.779158548824867","13.55440932539677","42.89656837158425","6.219504354717331","0.10786666666666493","Shared L1","0.9197081114478886","42.89656837158425","2002680402.218978","4282793386.218978","0","0.10381184103811841"
"vectorCount","units","8","true","","4936","1152","3917.9628723691717","130.68015616247948","3539.8307378670465","1186.3537224069478","41.00172017735871","0.11266666666666472","Matrix","0.8032290510443295","3149.2026311111044","13202553897.109493","118445555645.10951","1321135104","0.10381184103811841","45.795485702170275","21.836213431679127","12.807217509920626","42.89656837158425","6.219504354717331","0.10786666666666493","Shared L1","0.9226113060481653","42.89656837158425","2002680402.218978","4282793386.218978","0","0.10381184103811841"
"vectorCount","units","16","true","","6984","1280","3895.5080943472053","131.43343245595258","3353.8274616765866","1186.3537224069478","41.00172017735871","0.11266666666666472","Matrix","0.8078590837910636","3149.2026311111044","13202553897.109493","118445555645.10951","1321135104","0.10381184103811841","45.74452989859888","21.86053725367127","12.433621602182551","42.89656837158425","6.219504354717331","0.10786666666666493","Shared L1","0.9241724194893158","42.89656837158425","2002680402.218978","4282793386.218978","0","0.10381184103811841"
"vectorCount","units","32","true","","11080","1536","3892.0784855559978","131.54924853136893","3260.825823581351","1186.3537224069478","41.00172017735871","0.11266666666666472","Matrix","0.8085709503749747","3149.2026311111044","13202553897.109493","118445555645.10951","1321135104","0.10381184103811841","45.72165561975272","21.87147395353678","12.246823648313496","42.89656837158425","6.219504354717331","0.10786666666666493","Shared L1","0.9249470769967718","42.89656837158425","2002680402.218978","4282793386.218978","0","0.10381184103811841"
"recurrentCount","units","0","true","","3400","1056","4664.300330931783","109.76994697460191","4655.850395009898","1186.3537224069478","41.00172017735871","0.11266666666666472","Matrix","0.6747038948436083","3149.2026311111044","13202553897.109493","118445555645.10951","1321135104","0.10381184103811841","46.78095693681305","21.3762194166036","15.048792956349144","42.89656837158425","6.219504354717331","0.10786666666666493","Shared L1","0.8623106620756966","42.89656837158425","2002680402.218978","4282793386.218978","0","0.10381184103811841"
"recurrentCount","units","1","true","","4688","1184","4033.0043309317894","126.95250438317952","4024.5543950098945","509.00135317617844","41.00172017735871","0.11266666666666472","Matrix","0.7803169403671119","3149.2026311111044","13202553897.109493","50818695101.10949","1321135104","0.10381184103811841","45.547956936812994","21.954881563343516","13.815792956349158","41.76229144850734","6.219504354717331","0.10786666666666493","Shared L1","0.8856537298627845","41.76229144850734","2002680402.218978","4169547178.218978","0","0.10381184103811841"
"recurrentCount","units","2","true","","5976","1312","3717.356330931791","137.7322899447905","3708.9063950098985","509.00135317617844","41.00172017735871","0.11266666666666472","Matrix","0.8465751786596079","3149.2026311111044","13202553897.109493","50818695101.10949","1321135104","0.10381184103811841","45.03485647826912","22.205022469262996","13.199292956349154","41.76229144850734","6.219504354717331","0.10786666666666493","Shared L1","0.9117830210025841","41.76229144850734","2002680402.218978","4169547178.218978","0","0.10381184103811841"
"recurrentCount","units","4","true","","8552","1568","3559.532330931788","143.83912053580715","3551.0823950098984","509.00135317617844","41.00172017735871","0.11266666666666472","Matrix","0.8841109750999794","3149.2026311111044","13202553897.109493","50818695101.10949","1321135104","0.10381184103811841","45.03485647826912","22.205022469262996","12.891042956349157","41.76229144850734","6.219504354717331","0.10786666666666493","Shared L1","0.9117830210025841","41.76229144850734","2002680402.218978","4169547178.218978","0","0.10381184103811841"
"recurrentCount","units","8","true","","13704","2080","3480.620330931788","147.10021528344456","3472.170395009898","509.00135317617844","41.00172017735871","0.11266666666666472","Matrix","0.9041553805891619","3149.2026311111044","13202553897.109493","50818695101.10949","1321135104","0.10381184103811841","45.03485647826912","22.205022469262996","12.736917956349156","41.76229144850734","6.219504354717331","0.10786666666666493","Shared L1","0.9117830210025841","41.76229144850734","2002680402.218978","4169547178.218978","0","0.10381184103811841"
"recurrentCount","units","16","true","","24008","3104","3441.164330931787","148.7868496711293","3432.7143950098985","509.00135317617844","41.00172017735871","0.11266666666666472","Matrix","0.9145223236542921","3149.2026311111044","13202553897.109493","50818695101.10949","1321135104","0.10381184103811841","45.03485647826912","22.205022469262996","12.659855456349158","41.76229144850734","6.219504354717331","0.10786666666666493","Shared L1","0.9117830210025841","41.76229144850734","2002680402.218978","4169547178.218978","0","0.10381184103811841"
"dmaCount","engines","1","true","","3400","1056","4664.300330931783","109.76994697460191","4655.850395009898","1186.3537224069478","41.00172017735871","0.11266666666666472","Matrix","0.6747038948436083","3149.2026311111044","13202553897.109493","118445555645.10951","1321135104","0.10381184103811841","46.78095693681305","21.3762194166036","15.048792956349144","42.89656837158425","6.219504354717331","0.10786666666666493","Shared L1","0.8623106620756966","42.89656837158425","2002680402.218978","4282793386.218978","0","0.10381184103811841"
"dmaCount","engines","2","true","","3440","1056","4654.989553744286","109.98950568818522","4646.539617822398","1186.3537224069478","41.00172017735871","0.11266666666666472","Matrix","0.6760534183086765","3149.2026311111044","13202553897.109493","118445555645.10951","1321135104","0.10381184103811841","45.10116631181304","22.172375611893585","13.369002331349156","42.89656837158425","6.219504354717331","0.10786666666666493","Shared L1","0.894427378436819","42.89656837158425","2002680402.218978","4282793386.218978","0","0.10381184103811841"
"dmaCount","engines","4","true","","3520","1056","4651.9896502787415","110.06043402726006","4641.884229228646","1186.3537224069478","41.00172017735871","0.11266666666666472","Matrix","0.676489381228834","3149.2026311111044","13202553897.109493","118445555645.10951","1321135104","0.10381184103811841","44.26133662831945","22.593081822119586","12.529107018849162","42.89656837158425","6.219504354717331","0.10786666666666493","Shared L1","0.9114488332915804","42.89656837158425","2002680402.218978","4282793386.218978","0","0.10381184103811841"
"dmaCount","engines","8","true","","3680","1056","4651.652295987875","110.06841599953812","4639.556534931769","1186.3537224069478","41.00172017735871","0.11266666666666472","Matrix","0.6765384426334622","3149.2026311111044","13202553897.109493","118445555645.10951","1321135104","0.10381184103811841","44.067613106684824","22.692402186137585","12.10915936259916","42.89656837158425","6.219504354717331","0.10786666666666493","Shared L1","0.9304207590276015","42.89656837158425","2002680402.218978","4282793386.218978","0","0.10381184103811841"
"dmaCount","engines","16","true","","4000","1056","4651.652295987875","110.06841599953812","4638.392687783332","1186.3537224069478","41.00172017735871","0.11266666666666472","Matrix","0.6765384426334622","3149.2026311111044","13202553897.109493","118445555645.10951","1321135104","0.10381184103811841","44.067613106684824","22.692402186137585","11.899185534474165","42.89656837158425","6.219504354717331","0.10786666666666493","Shared L1","0.9304207590276015","42.89656837158425","2002680402.218978","4282793386.218978","0","0.10381184103811841"
"l1Banks","banks","1","true","","3400","1056","37963.44022324939","13.48665971758912","4655.850395009898","37963.31911702233","41.00172017735871","0.11266666666666472","Shared L1","0.9999947347839627","37963.31911702233","13202553897.109493","118445555645.10951","1321135104","0.10381184103811841","1372.7980710408808","0.7284392519882997","15.048792956349144","1372.690187890696","6.219504354717331","0.10786666666666493","Shared L1","0.9999979707763696","1372.690187890696","2002680402.218978","4282793386.218978","0","0.10381184103811841"
"l1Banks","banks","2","true","","3400","1056","18986.36644056245","26.966718545269607","4655.850395009898","18981.659558511165","41.00172017735871","0.11266666666666472","Shared L1","0.9988979881924481","18981.659558511165","13202553897.109493","118445555645.10951","1321135104","0.10381184103811841","686.5132040186099","1.456636222211528","15.048792956349144","686.345093945348","6.219504354717331","0.10786666666666493","Shared L1","0.9996365172398363","686.345093945348","2002680402.218978","4282793386.218978","0","0.10381184103811841"
"l1Banks","banks","4","true","","3400","1056","9543.26533881602","53.650399713555586","4655.850395009898","9490.829779255582","41.00172017735871","0.11266666666666472","Shared L1","0.985128618558852","9490.829779255582","13202553897.109493","118445555645.10951","1321135104","0.10381184103811841","343.493529573408","2.9112629901410996","15.048792956349144","343.172546972674","6.219504354717331","0.10786666666666493","Shared L1","0.9988529831766195","343.172546972674","2002680402.218978","4282793386.218978","0","0.10381184103811841"
"l1Banks","banks","8","true","","3400","1056","6182.441696095256","82.81517645744594","4655.850395009898","4745.414889627791","41.00172017735871","0.11266666666666472","Matrix","0.5085946806398415","4745.414889627791","13202553897.109493","118445555645.10951","1321135104","0.10381184103811841","172.7794154208613","5.787726492557981","15.048792956349144","171.586273486337","6.219504354717331","0.10786666666666493","Shared L1","0.9778212737793069","171.586273486337","2002680402.218978","4282793386.218978","0","0.10381184103811841"
"l1Banks","banks","16","true","","3400","1056","4775.59533322048","107.21176403670005","4655.850395009898","2372.7074448138956","41.00172017735871","0.11266666666666472","Matrix","0.6589799554640602","3149.2026311111044","13202553897.109493","118445555645.10951","1321135104","0.10381184103811841","88.3632413677107","11.31692301597048","15.048792956349144","85.7931367431685","6.219504354717331","0.10786666666666493","Shared L1","0.9558221714082701","85.7931367431685","2002680402.218978","4282793386.218978","0","0.10381184103811841"
"l1Banks","banks","32","true","","3400","1056","4664.300330931783","109.76994697460191","4655.850395009898","1186.3537224069478","41.00172017735871","0.11266666666666472","Matrix","0.6747038948436083","3149.2026311111044","13202553897.109493","118445555645.10951","1321135104","0.10381184103811841","46.78095693681305","21.3762194166036","15.048792956349144","42.89656837158425","6.219504354717331","0.10786666666666493","Shared L1","0.8623106620756966","42.89656837158425","2002680402.218978","4282793386.218978","0","0.10381184103811841"
"l1Banks","banks","64","true","","3400","1056","4659.013528001378","109.89450812340472","4655.850395009898","593.1768612034739","41.00172017735871","0.11266666666666472","Matrix","0.6754695132533803","3149.2026311111044","13202553897.109493","118445555645.10951","1321135104","0.10381184103811841","26.63109722985341","37.550086328362084","15.048792956349144","21.448284185792126","6.219504354717331","0.10786666666666493","Shared L1","0.757423369023028","21.448284185792126","2002680402.218978","4282793386.218978","0","0.10381184103811841"
"l1Banks","banks","128","true","","3400","1056","4656.384579283429","109.95655347668719","4655.850395009898","296.58843060173695","41.00172017735871","0.11266666666666472","Matrix","0.6758508766654107","3149.2026311111044","13202553897.109493","118445555645.10951","1321135104","0.10381184103811841","16.690175178571426","59.91548856143245","15.048792956349144","10.724142092896063","6.219504354717331","0.10786666666666493","Shared L1","0.5832932586091616","10.724142092896063","2002680402.218978","4282793386.218978","0","0.10381184103811841"
"l1Banks","banks","256","true","","3400","1056","4655.963061676592","109.96650815688196","4655.850395009898","148.29421530086847","41.00172017735871","0.11266666666666472","Matrix","0.6763862003901779","3149.2026311111044","13202553897.109493","118445555645.10951","1321135104","0.10381184103811841","15.156659623015893","65.97759828831062","15.048792956349144","5.3620710464480315","6.219504354717331","0.10786666666666493","Matrix","0.575785034093237","8.700444444444452","2002680402.218978","4282793386.218978","0","0.10381184103811841"
"l1Banks","banks","512","true","","3400","1056","4655.963061676592","109.96650815688196","4655.850395009898","74.14710765043424","41.00172017735871","0.11266666666666472","Matrix","0.6763862003901779","3149.2026311111044","13202553897.109493","118445555645.10951","1321135104","0.10381184103811841","15.156659623015893","65.97759828831062","15.048792956349144","2.6810355232240157","6.219504354717331","0.10786666666666493","Matrix","0.575785034093237","8.700444444444452","2002680402.218978","4282793386.218978","0","0.10381184103811841"
"l1Banks","banks","1024","true","","3400","1056","4655.963061676592","109.96650815688196","4655.850395009898","37.07355382521712","41.00172017735871","0.11266666666666472","Matrix","0.6763862003901779","3149.2026311111044","13202553897.109493","118445555645.10951","1321135104","0.10381184103811841","15.156659623015893","65.97759828831062","15.048792956349144","1.3405177616120079","6.219504354717331","0.10786666666666493","Matrix","0.575785034093237","8.700444444444452","2002680402.218978","4282793386.218978","0","0.10381184103811841"
"hbmGBs","GB/s","25","true","","3400","1056","4685.022979945703","109.28441593384325","4655.850395009898","1186.3537224069478","754.4316512633991","0.11266666666666472","Matrix","0.6717195654046669","3149.2026311111044","13202553897.109493","118445555645.10951","1321135104","0.10381184103811841","118.93552746282097","8.407916636285135","15.048792956349144","42.89656837158425","114.43888012679872","0.10786666666666493","HBM","0.945934914166618","114.43888012679872","2002680402.218978","4282793386.218978","0","0.10381184103811841"
"hbmGBs","GB/s","50","true","","3400","1056","4668.768874345703","109.66488463658494","4655.850395009898","1186.3537224069478","377.21582563169954","0.11266666666666472","Matrix","0.6740581263922686","3149.2026311111044","13202553897.109493","118445555645.10951","1321135104","0.10381184103811841","63.325289432051385","15.791479343698999","15.048792956349144","42.89656837158425","57.21944006339936","0.10786666666666493","HBM","0.875722790361803","57.21944006339936","2002680402.218978","4282793386.218978","0","0.10381184103811841"
"hbmGBs","GB/s","100","true","","3400","1056","4664.300330931783","109.76994697460191","4655.850395009898","1186.3537224069478","188.60791281584977","0.11266666666666472","Matrix","0.6747038948436083","3149.2026311111044","13202553897.109493","118445555645.10951","1321135104","0.10381184103811841","46.78095693681305","21.3762194166036","15.048792956349144","42.89656837158425","28.60972003169968","0.10786666666666493","Shared L1","0.8623106620756966","42.89656837158425","2002680402.218978","4282793386.218978","0","0.10381184103811841"
"hbmGBs","GB/s","200","true","","3400","1056","4664.300330931783","109.76994697460191","4655.850395009898","1186.3537224069478","94.30395640792489","0.11266666666666472","Matrix","0.6747038948436083","3149.2026311111044","13202553897.109493","118445555645.10951","1321135104","0.10381184103811841","46.78095693681305","21.3762194166036","15.048792956349144","42.89656837158425","14.30486001584984","0.10786666666666493","Shared L1","0.8623106620756966","42.89656837158425","2002680402.218978","4282793386.218978","0","0.10381184103811841"
"hbmGBs","GB/s","400","true","","3400","1056","4664.300330931783","109.76994697460191","4655.850395009898","1186.3537224069478","47.15197820396244","0.11266666666666472","Matrix","0.6747038948436083","3149.2026311111044","13202553897.109493","118445555645.10951","1321135104","0.10381184103811841","46.78095693681305","21.3762194166036","15.048792956349144","42.89656837158425","7.15243000792492","0.10786666666666493","Shared L1","0.8623106620756966","42.89656837158425","2002680402.218978","4282793386.218978","0","0.10381184103811841"
"hbmGBs","GB/s","800","true","","3400","1056","4664.300330931783","109.76994697460191","4655.850395009898","1186.3537224069478","23.57598910198122","0.11266666666666472","Matrix","0.6747038948436083","3149.2026311111044","13202553897.109493","118445555645.10951","1321135104","0.10381184103811841","46.78095693681305","21.3762194166036","15.048792956349144","42.89656837158425","3.57621500396246","0.10786666666666493","Shared L1","0.8623106620756966","42.89656837158425","2002680402.218978","4282793386.218978","0","0.10381184103811841"
"hbmGBs","GB/s","1600","true","","3400","1056","4664.300330931783","109.76994697460191","4655.850395009898","1186.3537224069478","11.78799455099061","0.11266666666666472","Matrix","0.6747038948436083","3149.2026311111044","13202553897.109493","118445555645.10951","1321135104","0.10381184103811841","46.78095693681305","21.3762194166036","15.048792956349144","42.89656837158425","1.78810750198123","0.10786666666666493","Shared L1","0.8623106620756966","42.89656837158425","2002680402.218978","4282793386.218978","0","0.10381184103811841"
"l1MiB","MiB","0.015625","true","","2378","1056","23139.439929832904","22.126723963612257","4655.850395009898","22384.292435267216","2270.4487721151595","0.11266666666666472","Shared L1","0.9355186133308716","22384.292435267216","731084504621.0803","2234847756737.08","5731440416","0.00020275750202757503","66.15438385989022","15.11615620391721","15.048792956349144","63.627529669076296","6.6416363545359784","0.10786666666666493","Shared L1","0.9030927564577882","63.627529669076296","2138606906.1605835","6352572562.160585","132015392","0.00020275750202757503"
"l1MiB","MiB","0.03125","true","","2380","1056","12337.14918807465","41.50067346959782","4655.850395009898","11581.90692001369","1144.943443658886","0.11266666666666472","Shared L1","0.8790571554632697","11581.90692001369","368671788858.16064","1156337586894.1611","5716031264","0.00040551500405515005","51.167471039377254","19.54366670243335","15.048792956349144","48.60214018751165","6.6284595910595305","0.10786666666666493","Shared L1","0.8747086995337015","48.60214018751165","2134363988.3211675","4852437676.321167","127780128","0.00040551500405515005"
"l1MiB","MiB","0.0625","true","","2384","1056","6937.19727012589","73.80502241227295","4655.850395009898","6181.779617711543","582.1262925351595","0.11266666666666472","Shared L1","0.7849145904059521","6181.779617711543","187444666196.3211","617188877032.3213","5687567648","0.0008110300081103001","48.67043385989006","20.54635475160851","15.048792956349144","46.04280737822854","6.609178660379933","0.10786666666666493","Shared L1","0.8676560187107045","46.04280737822854","2128155528.6423361","4596913888.642335","121586976","0.0008110300081103001"
"l1MiB","MiB","0.125","true","","2392","1056","4678.14168038231","109.44516754314246","4655.850395009898","3481.3119361843073","300.5924424616213","0.11266666666666472","Matrix","0.6727076294411891","3481.3119361843073","96790766472.6423","347574183708.6423","5633008928","0.0016220600162206002","47.42259796245409","21.086993183961162","15.048792956349144","44.68897252889292","6.576312401505199","0.10786666666666493","Shared L1","0.864173637361773","44.68897252889292","2117572593.2846718","4461747017.284672","111034656","0.0016220600162206002"
"l1MiB","MiB","0.25","true","","2408","1056","4677.5610855105215","109.45875225146717","4655.850395009898","2130.3054332260144","159.5273281033686","0.11266666666666472","Matrix","0.6727911282117508","3149.2026311111044","51367799649.28469","212689694453.2846","5529199760","0.0032441200324412004","46.79868001373612","21.368124051928067","15.048792956349144","43.94480908022171","6.539028827855109","0.10786666666666493","Shared L1","0.8623628062542676","43.94480908022171","2105567282.5693429","4387449738.569344","99090576","0.0032441200324412004"
"l1MiB","MiB","0.5","true","","2440","1056","4676.753700895134","109.47764897304788","4655.850395009898","1453.8120199376","88.60446544897339","0.11266666666666472","Matrix","0.6729072774128908","3149.2026311111044","28530637874.569336","145148592070.56937","5332198544","0.006488240064882401","46.78095693681305","21.3762194166036","15.048792956349144","43.784074811084515","6.494686475585987","0.10786666666666493","Shared L1","0.8623106620756966","43.784074811084515","2091289045.1386864","4371402029.138685","84934800","0.006488240064882401"
"l1MiB","MiB","1","true","","2504","1056","4675.161252543493","109.51493913101918","4655.850395009898","1222.5994702838502","52.2401533078843","0.11266666666666472","Matrix","0.6731364823593812","3149.2026311111044","16821329365.138689","122064331113.13872","4938196112","0.012976480129764802","46.78095693681305","21.3762194166036","15.048792956349144","43.498052426656294","6.406001771047749","0.10786666666666493","Shared L1","0.8623106620756966","43.498052426656294","2062732570.2773728","4342845554.277373","56623248","0.012976480129764802"
"l1MiB","MiB","2","true","","2632","1056","4672.0262371588715","109.58842566589583","4655.850395009898","1215.2073541494133","49.9481381685633","0.11266666666666472","Matrix","0.6735881692979866","3149.2026311111044","16083300490.277374","121326302238.27734","4200412160","0.025952960259529603","46.78095693681305","21.3762194166036","15.048792956349144","43.11505236933833","6.287247964455736","0.10786666666666493","Shared L1","0.8623106620756966","43.11505236933833","2024493844.5547452","4304606828.554746","18874368","0.025952960259529603"
"l1MiB","MiB","4","true","","2888","1056","4667.757174887827","109.6886536331668","4655.850395009898","1201.6856478420991","45.75556935576007","0.11266666666666472","Matrix","0.6742042231611229","3149.2026311111044","14733293332.55474","119976295080.5547","2850894848","0.05190592051905921","46.78095693681305","21.3762194166036","15.048792956349144","42.9161936008562","6.2255893947499725","0.10786666666666493","Shared L1","0.8623106620756966","42.9161936008562","2004639785.109489","4284752769.1094904","0","0.05190592051905921"
"l1MiB","MiB","8","true","","3400","1056","4664.300330931783","109.76994697460191","4655.850395009898","1186.3537224069478","41.00172017735871","0.11266666666666472","Matrix","0.6747038948436083","3149.2026311111044","13202553897.109493","118445555645.10951","1321135104","0.10381184103811841","46.78095693681305","21.3762194166036","15.048792956349144","42.89656837158425","6.219504354717331","0.10786666666666493","Shared L1","0.8623106620756966","42.89656837158425","2002680402.218978","4282793386.218978","0","0.10381184103811841"
"l1MiB","MiB","16","true","","4424","1056","4664.300330931783","109.76994697460191","4655.850395009898","1176.1886202545995","37.849907137326056","0.11266666666666472","Matrix","0.6747038948436083","3149.2026311111044","12187670098.218983","117430671846.219","308210688","0.20762368207623683","46.78095693681305","21.3762194166036","15.048792956349144","42.85731791304038","6.207334274652045","0.10786666666666493","Shared L1","0.8623106620756966","42.85731791304038","1998761636.4379559","4278874620.437956","0","0.20762368207623683"
"l1MiB","MiB","32","true","","6472","1056","4664.300330931783","109.76994697460191","4655.850395009898","1173.0623236422082","36.88056100757135","0.11266666666666472","Matrix","0.6747038948436083","3149.2026311111044","11875540644.43796","117118542392.43791","0","0.41524736415247365","46.78095693681305","21.3762194166036","15.048792956349144","42.77881699595261","6.182994114521475","0.10786666666666493","Shared L1","0.8623106620756966","42.77881699595261","1990924104.875912","4271037088.8759117","0","0.41524736415247365"
