"matrixCount","l1Banks","hbmGBs","valid","pareto","errors","dsp","dsp_limit","cost_proxy","prefill_ms","prefill_tps","prefill_critical_path_ms","prefill_resource_bound_ms","decode_ms","decode_tps","decode_critical_path_ms","decode_resource_bound_ms"
"1","16","100","true","true","","832","7219.200000000001","8296","12732.80595839458","40.21108950163846","9360.541525483062","12596.810097777752","84.3358575558972","11.857352601616782","66.37731994371804","83.52458289701468"
"1","16","200","true","false","","832","7219.200000000001","8296","12732.80595839458","40.21108950163846","9360.541525483062","12596.810097777752","84.3358575558972","11.857352601616782","66.37731994371804","83.52458289701468"
"1","16","300","true","false","","832","7219.200000000001","8296","12732.80595839458","40.21108950163846","9360.541525483062","12596.810097777752","84.3358575558972","11.857352601616782","66.37731994371804","83.52458289701468"
"1","16","400","true","false","","832","7219.200000000001","8296","12732.80595839458","40.21108950163846","9360.541525483062","12596.810097777752","84.3358575558972","11.857352601616782","66.37731994371804","83.52458289701468"
"1","16","460","true","false","","832","7219.200000000001","8296","12732.80595839458","40.21108950163846","9360.541525483062","12596.810097777752","84.3358575558972","11.857352601616782","66.37731994371804","83.52458289701468"
"1","32","100","true","true","","832","7219.200000000001","8296","12711.390815125671","40.27883395660808","9341.661515226657","12596.810097777752","43.137481603040015","23.181696354047876","33.92250084182244","41.76229144850734"
"1","32","200","true","false","","832","7219.200000000001","8296","12711.390815125671","40.27883395660808","9341.661515226657","12596.810097777752","43.137481603040015","23.181696354047876","33.92250084182244","41.76229144850734"
"1","32","300","true","false","","832","7219.200000000001","8296","12711.390815125671","40.27883395660808","9341.661515226657","12596.810097777752","43.137481603040015","23.181696354047876","33.92250084182244","41.76229144850734"
"1","32","400","true","false","","832","7219.200000000001","8296","12711.390815125671","40.27883395660808","9341.661515226657","12596.810097777752","43.137481603040015","23.181696354047876","33.92250084182244","41.76229144850734"
"1","32","460","true","false","","832","7219.200000000001","8296","12711.390815125671","40.27883395660808","9341.661515226657","12596.810097777752","43.137481603040015","23.181696354047876","33.92250084182244","41.76229144850734"
"1","64","100","true","true","","832","7219.200000000001","8296","12662.96168382652","40.43287919396774","9337.969355128966","12596.810097777752","35.77147034397806","27.95523892040252","28.76177572229803","34.65543111111107"
"1","64","200","true","true","","832","7219.200000000001","8296","12661.97522970784","40.43602919066947","9337.969355128966","12596.810097777752","35.648134825863565","28.051958535414773","28.63844020418353","34.65543111111107"
"1","64","300","true","false","","832","7219.200000000001","8296","12661.97522970784","40.43602919066947","9337.969355128966","12596.810097777752","35.648134825863565","28.051958535414773","28.63844020418353","34.65543111111107"
"1","64","400","true","false","","832","7219.200000000001","8296","12661.97522970784","40.43602919066947","9337.969355128966","12596.810097777752","35.648134825863565","28.051958535414773","28.63844020418353","34.65543111111107"
"1","64","460","true","false","","832","7219.200000000001","8296","12661.97522970784","40.43602919066947","9337.969355128966","12596.810097777752","35.648134825863565","28.051958535414773","28.63844020418353","34.65543111111107"
"1","128","100","true","true","","832","7219.200000000001","8296","12661.946633277063","40.43612051360291","9337.969355128966","12596.810097777752","35.66909390310129","28.035475269335443","28.761488542810866","34.65543111111107"
"1","128","200","true","true","","832","7219.200000000001","8296","12660.309575448488","40.441349158862295","9337.969355128966","12596.810097777752","35.49405861425874","28.1737293237657","28.586453253968322","34.65543111111107"
"1","128","300","true","true","","832","7219.200000000001","8296","12659.816348389153","40.442924755788205","9337.969355128966","12596.810097777752","35.49405861425874","28.1737293237657","28.586453253968322","34.65543111111107"
"1","128","400","true","false","","832","7219.200000000001","8296","12659.816348389153","40.442924755788205","9337.969355128966","12596.810097777752","35.49405861425874","28.1737293237657","28.586453253968322","34.65543111111107"
"1","128","460","true","false","","832","7219.200000000001","8296","12659.816348389153","40.442924755788205","9337.969355128966","12596.810097777752","35.49405861425874","28.1737293237657","28.586453253968322","34.65543111111107"
"1","256","100","true","true","","832","7219.200000000001","8296","12661.911802507831","40.43623174650393","9337.969355128966","12596.810097777752","35.61805073259992","28.07565207617429","28.761488542810866","34.65543111111107"
"1","256","200","true","true","","832","7219.200000000001","8296","12660.274744679255","40.44146042053145","9337.969355128966","12596.810097777752","35.443015443757375","28.21430364994893","28.586453253968322","34.65543111111107"
"1","256","300","true","true","","832","7219.200000000001","8296","12659.729058736404","40.44320361237682","9337.969355128966","12596.810097777752","35.443015443757375","28.21430364994893","28.586453253968322","34.65543111111107"
"1","256","400","true","true","","832","7219.200000000001","8296","12659.456215764969","40.444075264654764","9337.969355128966","12596.810097777752","35.443015443757375","28.21430364994893","28.586453253968322","34.65543111111107"
"1","256","460","true","true","","832","7219.200000000001","8296","12659.349451123975","40.44441635620869","9337.969355128966","12596.810097777752","35.1833697707633","28.422519119558032","28.586453253968322","34.65543111111107"
"2","16","100","true","true","","1088","7219.200000000001","8552","6444.1209999329685","79.45226354460536","4830.911658816395","6298.405119999987","84.3358575558972","11.857352601616782","66.37731994371804","83.52458289701468"
"2","16","200","true","false","","1088","7219.200000000001","8552","6444.1209999329685","79.45226354460536","4830.911658816395","6298.405119999987","84.3358575558972","11.857352601616782","66.37731994371804","83.52458289701468"
"2","16","300","true","false","","1088","7219.200000000001","8552","6444.1209999329685","79.45226354460536","4830.911658816395","6298.405119999987","84.3358575558972","11.857352601616782","66.37731994371804","83.52458289701468"
"2","16","400","true","false","","1088","7219.200000000001","8552","6444.1209999329685","79.45226354460536","4830.911658816395","6298.405119999987","84.3358575558972","11.857352601616782","66.37731994371804","83.52458289701468"
"2","16","460","true","false","","1088","7219.200000000001","8552","6444.1209999329685","79.45226354460536","4830.911658816395","6298.405119999987","84.3358575558972","11.857352601616782","66.37731994371804","83.52458289701468"
"2","32","100","true","true","","1088","7219.200000000001","8552","6422.659752268485","79.71775241856172","4812.031648559977","6298.405119999987","42.884274000018074","23.318571278589875","33.39274494438653","41.76229144850734"
"2","32","200","true","false","","1088","7219.200000000001","8552","6422.659752268485","79.71775241856172","4812.031648559977","6298.405119999987","42.884274000018074","23.318571278589875","33.39274494438653","41.76229144850734"
"2","32","300","true","false","","1088","7219.200000000001","8552","6422.659752268485","79.71775241856172","4812.031648559977","6298.405119999987","42.884274000018074","23.318571278589875","33.39274494438653","41.76229144850734"
"2","32","400","true","false","","1088","7219.200000000001","8552","6422.659752268485","79.71775241856172","4812.031648559977","6298.405119999987","42.884274000018074","23.318571278589875","33.39274494438653","41.76229144850734"
"2","32","460","true","false","","1088","7219.200000000001","8552","6422.659752268485","79.71775241856172","4812.031648559977","6298.405119999987","42.884274000018074","23.318571278589875","33.39274494438653","41.76229144850734"
"2","64","100","true","true","","1088","7219.200000000001","8552","6372.953835191502","80.33951182460038","4807.0023598273765","6298.405119999987","29.82424007096222","33.52977301754053","23.847707811186908","28.60972003169968"
"2","64","200","true","true","","1088","7219.200000000001","8552","6369.7331093658595","80.38013386262149","4804.768088120417","6298.405119999987","21.586423565943043","46.32541360754649","17.17240191358522","20.88114572425367"
"2","64","300","true","false","","1088","7219.200000000001","8552","6369.7331093658595","80.38013386262149","4804.768088120417","6298.405119999987","21.586423565943043","46.32541360754649","17.17240191358522","20.88114572425367"
"2","64","400","true","false","","1088","7219.200000000001","8552","6369.7331093658595","80.38013386262149","4804.768088120417","6298.405119999987","21.586423565943043","46.32541360754649","17.17240191358522","20.88114572425367"
"2","64","460","true","false","","1088","7219.200000000001","8552","6369.7331093658595","80.38013386262149","4804.768088120417","6298.405119999987","21.586423565943043","46.32541360754649","17.17240191358522","20.88114572425367"
"2","128","100","true","true","","1088","7219.200000000001","8552","6371.938784642052","80.3523099176732","4807.0023598273765","6298.405119999987","29.721863630085434","33.64526573588635","23.847420631699755","28.60972003169968"
"2","128","200","true","true","","1088","7219.200000000001","8552","6367.224277670625","80.41180547001389","4803.924910684519","6298.405119999987","18.209695098538386","54.91580142274132","14.669155476190516","17.352106666666643"
"2","128","300","true","true","","1088","7219.200000000001","8552","6366.731050611285","80.41803492717689","4803.924910684519","6298.405119999987","18.209695098538386","54.91580142274132","14.669155476190516","17.352106666666643"
"2","128","400","true","false","","1088","7219.200000000001","8552","6366.731050611285","80.41803492717689","4803.924910684519","6298.405119999987","18.209695098538386","54.91580142274132","14.669155476190516","17.352106666666643"
"2","128","460","true","false","","1088","7219.200000000001","8552","6366.731050611285","80.41803492717689","4803.924910684519","6298.405119999987","18.209695098538386","54.91580142274132","14.669155476190516","17.352106666666643"
"2","256","100","true","true","","1088","7219.200000000001","8552","6371.9039538728175","80.35274914789142","4807.0023598273765","6298.405119999987","29.670820459584064","33.70314620595491","23.847420631699755","28.60972003169968"
"2","256","200","true","true","","1088","7219.200000000001","8552","6360.626589547538","80.49521423586997","4803.924910684519","6298.405119999987","18.13969099931297","55.12773067842635","14.669155476190516","17.352106666666643"
"2","256","300","true","true","","1088","7219.200000000001","8552","6360.077842576108","80.50215935605873","4803.924910684519","6298.405119999987","18.13969099931297","55.12773067842635","14.669155476190516","17.352106666666643"
"2","256","400","true","true","","1088","7219.200000000001","8552","6359.803469090393","80.50563236559077","4803.924910684519","6298.405119999987","18.13969099931297","55.12773067842635","14.669155476190516","17.352106666666643"
"2","256","460","true","true","","1088","7219.200000000001","8552","6359.696105552505","80.50699145089409","4803.924910684519","6298.405119999987","17.88004532631888","55.9282698533225","14.669155476190516","17.352106666666643"
"4","16","100","true","true","","1600","7219.200000000001","9064","3299.67265861423","155.16690683342682","2566.0967254830625","3149.2026311111044","84.3358575558972","11.857352601616782","66.37731994371804","83.52458289701468"
"4","16","200","true","false","","1600","7219.200000000001","9064","3299.67265861423","155.16690683342682","2566.0967254830625","3149.2026311111044","84.3358575558972","11.857352601616782","66.37731994371804","83.52458289701468"
"4","16","300","true","false","","1600","7219.200000000001","9064","3299.67265861423","155.16690683342682","2566.0967254830625","3149.2026311111044","84.3358575558972","11.857352601616782","66.37731994371804","83.52458289701468"
"4","16","400","true","false","","1600","7219.200000000001","9064","3299.67265861423","155.16690683342682","2566.0967254830625","3149.2026311111044","84.3358575558972","11.857352601616782","66.37731994371804","83.52458289701468"
"4","16","460","true","false","","1600","7219.200000000001","9064","3299.67265861423","155.16690683342682","2566.0967254830625","3149.2026311111044","84.3358575558972","11.857352601616782","66.37731994371804","83.52458289701468"
"4","32","100","true","true","","1600","7219.200000000001","9064","3278.3243922684073","156.1773451118808","2547.2167152266516","3149.2026311111044","42.884274000018074","23.318571278589875","33.39274494438653","41.76229144850734"
"4","32","200","true","false","","1600","7219.200000000001","9064","3278.3243922684073","156.1773451118808","2547.2167152266516","3149.2026311111044","42.884274000018074","23.318571278589875","33.39274494438653","41.76229144850734"
"4","32","300","true","false","","1600","7219.200000000001","9064","3278.3243922684073","156.1773451118808","2547.2167152266516","3149.2026311111044","42.884274000018074","23.318571278589875","33.39274494438653","41.76229144850734"
"4","32","400","true","false","","1600","7219.200000000001","9064","3278.3243922684073","156.1773451118808","2547.2167152266516","3149.2026311111044","42.884274000018074","23.318571278589875","33.39274494438653","41.76229144850734"
"4","32","460","true","false","","1600","7219.200000000001","9064","3278.3243922684073","156.1773451118808","2547.2167152266516","3149.2026311111044","42.884274000018074","23.318571278589875","33.39274494438653","41.76229144850734"
"4","64","100","true","true","","1600","7219.200000000001","9064","3253.999645688155","157.34482352462655","2542.1874264940493","3149.2026311111044","29.55850878891095","33.83120600370598","23.581976529135627","28.60972003169968"
"4","64","200","true","true","","1600","7219.200000000001","9064","3251.7653739811954","157.45293436504895","2539.9531547870897","3149.2026311111044","21.320692283891763","46.902792211654464","16.906670631533935","20.88114572425367"
"4","64","300","true","false","","1600","7219.200000000001","9064","3251.7653739811954","157.45293436504895","2539.9531547870897","3149.2026311111044","21.320692283891763","46.902792211654464","16.906670631533935","20.88114572425367"
"4","64","400","true","false","","1600","7219.200000000001","9064","3251.7653739811954","157.45293436504895","2539.9531547870897","3149.2026311111044","21.320692283891763","46.902792211654464","16.906670631533935","20.88114572425367"
"4","64","460","true","false","","1600","7219.200000000001","9064","3251.7653739811954","157.45293436504895","2539.9531547870897","3149.2026311111044","21.320692283891763","46.902792211654464","16.906670631533935","20.88114572425367"
"4","128","100","true","true","","1600","7219.200000000001","9064","3252.8900720617817","157.39849446417927","2542.1874264940493","3149.2026311111044","29.230343630085432","34.211024429105464","23.35590063169975","28.60972003169968"
"4","128","200","true","true","","1600","7219.200000000001","9064","3249.143987490353","157.57996628381807","2538.4413419226207","3149.2026311111044","15.23099775250672","65.65558056335605","12.205223742857141","14.30486001584984"
"4","128","300","true","true","","1600","7219.200000000001","9064","3248.0268516368733","157.63416479822908","2537.324206069141","3149.2026311111044","11.34330946285482","88.1576935967967","8.929238553113553","10.440572862126835"
"4","128","400","true","false","","1600","7219.200000000001","9064","3248.0268516368733","157.63416479822908","2537.324206069141","3149.2026311111044","11.34330946285482","88.1576935967967","8.929238553113553","10.440572862126835"
"4","128","460","true","false","","1600","7219.200000000001","9064","3248.0268516368733","157.63416479822908","2537.324206069141","3149.2026311111044","11.34330946285482","88.1576935967967","8.929238553113553","10.440572862126835"
"4","256","100","true","true","","1600","7219.200000000001","9064","3252.80797975409","157.40246678769734","2542.1874264940493","3149.2026311111044","29.179300459584063","34.270869563343005","23.35590063169975","28.60972003169968"
"4","256","200","true","true","","1600","7219.200000000001","9064","3249.0618951826614","157.58394777247403","2538.4413419226207","3149.2026311111044","15.15533808502734","65.9833515022635","12.205223742857141","14.30486001584984"
"4","256","300","true","true","","1600","7219.200000000001","9064","3247.8132003255187","157.6445344666632","2537.1926470654776","3149.2026311111044","10.574139580540304","94.57034233218465","8.546676542857146","9.5365733438999"
"4","256","400","true","true","","1600","7219.200000000001","9064","3247.523241722344","157.65860992836426","2536.902688462303","3149.2026311111044","9.525389663080002","104.98258185446801","7.710506587301592","8.700444444444452"
"4","256","460","true","true","","1600","7219.200000000001","9064","3247.523241722344","157.65860992836426","2536.902688462303","3149.2026311111044","9.280168749696685","107.75666121725256","7.710506587301592","8.700444444444452"
"8","16","100","true","true","","2624","7219.200000000001","10088","1792.7198281936696","285.5995632713491","1433.689258816392","1574.6013866666635","84.3358575558972","11.857352601616782","66.37731994371804","83.52458289701468"
"8","16","200","true","false","","2624","7219.200000000001","10088","1792.7198281936696","285.5995632713491","1433.689258816392","1574.6013866666635","84.3358575558972","11.857352601616782","66.37731994371804","83.52458289701468"
"8","16","300","true","false","","2624","7219.200000000001","10088","1792.7198281936696","285.5995632713491","1433.689258816392","1574.6013866666635","84.3358575558972","11.857352601616782","66.37731994371804","83.52458289701468"
"8","16","400","true","false","","2624","7219.200000000001","10088","1792.7198281936696","285.5995632713491","1433.689258816392","1574.6013866666635","84.3358575558972","11.857352601616782","66.37731994371804","83.52458289701468"
"8","16","460","true","false","","2624","7219.200000000001","10088","1792.7198281936696","285.5995632713491","1433.689258816392","1574.6013866666635","84.3358575558972","11.857352601616782","66.37731994371804","83.52458289701468"
"8","32","100","true","true","","2624","7219.200000000001","10088","1772.3633256295625","288.87982085621866","1414.8092485599857","1574.6013866666635","42.884274000018074","23.318571278589875","33.39274494438653","41.76229144850734"
"8","32","200","true","false","","2624","7219.200000000001","10088","1772.3633256295625","288.87982085621866","1414.8092485599857","1574.6013866666635","42.884274000018074","23.318571278589875","33.39274494438653","41.76229144850734"
"8","32","300","true","false","","2624","7219.200000000001","10088","1772.3633256295625","288.87982085621866","1414.8092485599857","1574.6013866666635","42.884274000018074","23.318571278589875","33.39274494438653","41.76229144850734"
"8","32","400","true","false","","2624","7219.200000000001","10088","1772.3633256295625","288.87982085621866","1414.8092485599857","1574.6013866666635","42.884274000018074","23.318571278589875","33.39274494438653","41.76229144850734"
"8","32","460","true","false","","2624","7219.200000000001","10088","1772.3633256295625","288.87982085621866","1414.8092485599857","1574.6013866666635","42.884274000018074","23.318571278589875","33.39274494438653","41.76229144850734"
"8","64","100","true","true","","2624","7219.200000000001","10088","1766.9468456881675","289.76536631501943","1409.7799598273862","1574.6013866666635","29.55850878891095","33.83120600370598","23.581976529135627","28.60972003169968"
"8","64","200","true","true","","2624","7219.200000000001","10088","1764.712573981208","290.1322331743369","1407.5456881204266","1574.6013866666635","21.320692283891763","46.902792211654464","16.906670631533935","20.88114572425367"
"8","64","300","true","false","","2624","7219.200000000001","10088","1764.712573981208","290.1322331743369","1407.5456881204266","1574.6013866666635","21.320692283891763","46.902792211654464","16.906670631533935","20.88114572425367"
"8","64","400","true","false","","2624","7219.200000000001","10088","1764.712573981208","290.1322331743369","1407.5456881204266","1574.6013866666635","21.320692283891763","46.902792211654464","16.906670631533935","20.88114572425367"
"8","64","460","true","false","","2624","7219.200000000001","10088","1764.712573981208","290.1322331743369","1407.5456881204266","1574.6013866666635","21.320692283891763","46.902792211654464","16.906670631533935","20.88114572425367"
"8","128","100","true","true","","2624","7219.200000000001","10088","1765.837272061795","289.94744198721537","1409.7799598273862","1574.6013866666635","29.14156770627591","34.31524378095282","23.267124707890233","28.60972003169968"
"8","128","200","true","true","","2624","7219.200000000001","10088","1762.0911874903663","290.5638502904091","1406.0338752559576","1574.6013866666635","15.097278778147754","66.23710237419934","12.071504768498166","14.30486001584984"
"8","128","300","true","true","","2624","7219.200000000001","10088","1760.9740516368865","290.7481796929819","1404.9167394024778","1574.6013866666635","11.040389263679012","90.57651647209836","8.795519578754579","10.440572862126835"
"8","128","400","true","false","","2624","7219.200000000001","10088","1760.9740516368865","290.7481796929819","1404.9167394024778","1574.6013866666635","11.040389263679012","90.57651647209836","8.795519578754579","10.440572862126835"
"8","128","460","true","false","","2624","7219.200000000001","10088","1760.9740516368865","290.7481796929819","1404.9167394024778","1574.6013866666635","11.040389263679012","90.57651647209836","8.795519578754579","10.440572862126835"
"8","256","100","true","true","","2624","7219.200000000001","10088","1765.7551797541025","289.9609220295764","1409.7799598273862","1574.6013866666635","29.090524535774538","34.37545441197645","23.267124707890233","28.60972003169968"
"8","256","200","true","true","","2624","7219.200000000001","10088","1762.009095182674","290.5773877103166","1406.0338752559576","1574.6013866666635","14.90957808502734","67.07097909123472","11.95946374285714","14.30486001584984"
"8","256","300","true","true","","2624","7219.200000000001","10088","1760.760400325531","290.7834591835101","1404.7851803988146","1574.6013866666635","10.328379580540318","96.82060890597963","8.300916542857145","9.5365733438999"
"8","256","400","true","true","","2624","7219.200000000001","10088","1760.1360528969597","290.88660456520574","1404.1608329702433","1574.6013866666635","8.025374323397452","124.60477975271078","6.471642942857134","7.15243000792492"
"8","256","460","true","true","","2624","7219.200000000001","10088","1759.8917430336057","290.9269857232481","1403.9165231068894","1574.6013866666635","7.285112458622004","137.26624066269423","5.756664255175973","6.219504354717331"
"16","16","100","true","true","","4672","7219.200000000001","12136","1168.7007799885585","438.09331589991103","957.7519131753662","1018.0027063523569","84.3358575558972","11.857352601616782","66.37731994371804","83.52458289701468"
"16","16","200","true","false","","4672","7219.200000000001","12136","1168.7007799885585","438.09331589991103","957.7519131753662","1018.0027063523569","84.3358575558972","11.857352601616782","66.37731994371804","83.52458289701468"
"16","16","300","true","false","","4672","7219.200000000001","12136","1168.7007799885585","438.09331589991103","957.7519131753662","1018.0027063523569","84.3358575558972","11.857352601616782","66.37731994371804","83.52458289701468"
"16","16","400","true","false","","4672","7219.200000000001","12136","1168.7007799885585","438.09331589991103","957.7519131753662","1018.0027063523569","84.3358575558972","11.857352601616782","66.37731994371804","83.52458289701468"
"16","16","460","true","false","","4672","7219.200000000001","12136","1168.7007799885585","438.09331589991103","957.7519131753662","1018.0027063523569","84.3358575558972","11.857352601616782","66.37731994371804","83.52458289701468"
"16","32","100","true","true","","4672","7219.200000000001","12136","1028.8369256295864","497.64932346949615","848.6055152266485","787.3007644444428","42.884274000018074","23.318571278589875","33.39274494438653","41.76229144850734"
"16","32","200","true","false","","4672","7219.200000000001","12136","1028.8369256295864","497.64932346949615","848.6055152266485","787.3007644444428","42.884274000018074","23.318571278589875","33.39274494438653","41.76229144850734"
"16","32","300","true","false","","4672","7219.200000000001","12136","1028.8369256295864","497.64932346949615","848.6055152266485","787.3007644444428","42.884274000018074","23.318571278589875","33.39274494438653","41.76229144850734"
"16","32","400","true","false","","4672","7219.200000000001","12136","1028.8369256295864","497.64932346949615","848.6055152266485","787.3007644444428","42.884274000018074","23.318571278589875","33.39274494438653","41.76229144850734"
"16","32","460","true","false","","4672","7219.200000000001","12136","1028.8369256295864","497.64932346949615","848.6055152266485","787.3007644444428","42.884274000018074","23.318571278589875","33.39274494438653","41.76229144850734"
"16","64","100","true","true","","4672","7219.200000000001","12136","1023.4204456881953","500.2831457560998","843.5762264940493","787.3007644444428","29.55850878891095","33.83120600370598","23.581976529135627","28.60972003169968"
"16","64","200","true","true","","4672","7219.200000000001","12136","1021.1861739812356","501.37772430260895","841.3419547870897","787.3007644444428","21.320692283891763","46.902792211654464","16.906670631533935","20.88114572425367"
"16","64","300","true","false","","4672","7219.200000000001","12136","1021.1861739812356","501.37772430260895","841.3419547870897","787.3007644444428","21.320692283891763","46.902792211654464","16.906670631533935","20.88114572425367"
"16","64","400","true","false","","4672","7219.200000000001","12136","1021.1861739812356","501.37772430260895","841.3419547870897","787.3007644444428","21.320692283891763","46.902792211654464","16.906670631533935","20.88114572425367"
"16","64","460","true","false","","4672","7219.200000000001","12136","1021.1861739812356","501.37772430260895","841.3419547870897","787.3007644444428","21.320692283891763","46.902792211654464","16.906670631533935","20.88114572425367"
"16","128","100","true","true","","4672","7219.200000000001","12136","1022.310872061821","500.82613223841213","843.5762264940493","787.3007644444428","29.14156770627591","34.31524378095282","23.267124707890233","28.60972003169968"
"16","128","200","true","true","","4672","7219.200000000001","12136","1018.5647874903925","502.66807402747503","839.8301419226208","787.3007644444428","15.097278778147754","66.23710237419934","12.071504768498166","14.30486001584984"
"16","128","300","true","true","","4672","7219.200000000001","12136","1017.4476516369126","503.21999286771444","838.7130060691409","787.3007644444428","11.040389263679012","90.57651647209836","8.795519578754579","10.440572862126835"
"16","128","400","true","false","","4672","7219.200000000001","12136","1017.4476516369126","503.21999286771444","838.7130060691409","787.3007644444428","11.040389263679012","90.57651647209836","8.795519578754579","10.440572862126835"
"16","128","460","true","false","","4672","7219.200000000001","12136","1017.4476516369126","503.21999286771444","838.7130060691409","787.3007644444428","11.040389263679012","90.57651647209836","8.795519578754579","10.440572862126835"
"16","256","100","true","true","","4672","7219.200000000001","12136","1022.2287797541289","500.86635217132954","843.5762264940493","787.3007644444428","29.090524535774538","34.37545441197645","23.267124707890233","28.60972003169968"
"16","256","200","true","true","","4672","7219.200000000001","12136","1018.4826951827004","502.7085903586756","839.8301419226208","787.3007644444428","14.86433678978924","67.2751172246669","11.914222447619045","14.30486001584984"
"16","256","300","true","true","","4672","7219.200000000001","12136","1017.2340003255575","503.32568498117297","838.5814470654778","787.3007644444428","10.260666760027503","97.45955339819648","8.233203722344326","9.5365733438999"
"16","256","400","true","true","","4672","7219.200000000001","12136","1016.6096528969862","503.63480077232884","837.9570996369065","787.3007644444428","7.957661502884631","125.66505871574238","6.403930122344315","7.15243000792492"
"16","256","460","true","true","","4672","7219.200000000001","12136","1016.3653430336321","503.75586250490403","837.7127897735523","787.3007644444428","7.217399638109185","138.55405688217922","5.688951434663153","6.219504354717331"
