src_pos,src_name,src_category,src_layer,dst_pos,dst_name,dst_category,dst_layer,kind,bytes,state_buffer
0,model.input_embed,memory,pre,1,norm-0,vector,0,data,4194304,
1,norm-0,vector,0,2,attn_norm-0,vector,0,data,4194304,
5,cache_r_l0 (reshaped) (view) (view),vector,0,7,conv_states-0,memory,0,state_raw,73728,cache_r_lN
2,attn_norm-0,vector,0,13,node_13,weight_matrix,0,data,4194304,
7,conv_states-0,memory,0,16,conv_input-0,memory,0,data,73728,
13,node_13,weight_matrix,0,16,conv_input-0,memory,0,data,12582912,
5,cache_r_l0 (reshaped) (view) (view),vector,0,19,conv_state_update-0 (copy of conv_state_last-0),memory,0,state_waw,73728,cache_r_lN
7,conv_states-0,memory,0,19,conv_state_update-0 (copy of conv_state_last-0),memory,0,state_war,73728,cache_r_lN
16,conv_input-0,memory,0,19,conv_state_update-0 (copy of conv_state_last-0),memory,0,data,73728,
22,cache_s_l0 (reshaped) (view) (view),vector,0,23,node_23,memory,0,state_raw,1048576,cache_s_lN
16,conv_input-0,memory,0,27,conv_output_raw-0,conv,0,data,12656640,
27,conv_output_raw-0,conv,0,28,conv_output_silu-0,vector,0,data,12582912,
28,conv_output_silu-0,vector,0,30,node_30,vector,0,data,4194304,
30,node_30,vector,0,31,q_conv_predelta-0,vector,0,data,4194304,
28,conv_output_silu-0,vector,0,33,node_33,vector,0,data,4194304,
33,node_33,vector,0,34,k_conv_predelta-0,vector,0,data,4194304,
2,attn_norm-0,vector,0,36,node_36,weight_matrix,0,data,4194304,
36,node_36,weight_matrix,0,38,node_38,vector,0,data,32768,
38,node_38,vector,0,39,a_softplus-0,vector,0,data,32768,
39,a_softplus-0,vector,0,40,gate-0,vector,0,data,32768,
2,attn_norm-0,vector,0,42,node_42,weight_matrix,0,data,4194304,
42,node_42,weight_matrix,0,44,beta_sigmoid-0,vector,0,data,32768,
23,node_23,memory,0,46,node_46,recurrent,0,data,1048576,
28,conv_output_silu-0,vector,0,46,node_46,recurrent,0,data,4194304,
31,q_conv_predelta-0,vector,0,46,node_46,recurrent,0,data,4194304,
34,k_conv_predelta-0,vector,0,46,node_46,recurrent,0,data,4194304,
40,gate-0,vector,0,46,node_46,recurrent,0,data,32768,
44,beta_sigmoid-0,vector,0,46,node_46,recurrent,0,data,32768,
22,cache_s_l0 (reshaped) (view) (view),vector,0,49,cache_s_l0 (view) (copy of new_state-0),memory,0,state_waw,1048576,cache_s_lN
23,node_23,memory,0,49,cache_s_l0 (view) (copy of new_state-0),memory,0,state_war,1048576,cache_s_lN
46,node_46,recurrent,0,49,cache_s_l0 (view) (copy of new_state-0),memory,0,data,1048576,
46,node_46,recurrent,0,51,norm-0,vector,0,data,4194304,
51,norm-0,vector,0,52,node_52,vector,0,data,4194304,
2,attn_norm-0,vector,0,53,z-0,weight_matrix,0,data,4194304,
53,z-0,weight_matrix,0,55,node_55,vector,0,data,4194304,
52,node_52,vector,0,56,node_56,vector,0,data,4194304,
55,node_55,vector,0,56,node_56,vector,0,data,4194304,
56,node_56,vector,0,58,linear_attn_out-0,weight_matrix,0,data,4194304,
0,model.input_embed,memory,pre,60,attn_residual-0,vector,0,data,4194304,
58,linear_attn_out-0,weight_matrix,0,60,attn_residual-0,vector,0,data,4194304,
60,attn_residual-0,vector,0,61,norm-0,vector,0,data,4194304,
61,norm-0,vector,0,62,attn_post_norm-0,vector,0,data,4194304,
62,attn_post_norm-0,vector,0,63,ffn_gate-0,weight_matrix,0,data,4194304,
62,attn_post_norm-0,vector,0,64,ffn_up-0,weight_matrix,0,data,4194304,
63,ffn_gate-0,weight_matrix,0,65,ffn_swiglu-0,vector,0,data,12582912,
64,ffn_up-0,weight_matrix,0,65,ffn_swiglu-0,vector,0,data,12582912,
65,ffn_swiglu-0,vector,0,66,ffn_out-0,weight_matrix,0,data,12582912,
60,attn_residual-0,vector,0,67,l_out-0,vector,0,data,4194304,
66,ffn_out-0,weight_matrix,0,67,l_out-0,vector,0,data,4194304,
67,l_out-0,vector,0,68,norm-1,vector,1,data,4194304,
68,norm-1,vector,1,69,attn_norm-1,vector,1,data,4194304,
72,cache_r_l1 (reshaped) (view) (view),vector,1,73,conv_states-1,memory,1,state_raw,73728,cache_r_lN
69,attn_norm-1,vector,1,78,node_78,weight_matrix,1,data,4194304,
73,conv_states-1,memory,1,81,conv_input-1,memory,1,data,73728,
78,node_78,weight_matrix,1,81,conv_input-1,memory,1,data,12582912,
72,cache_r_l1 (reshaped) (view) (view),vector,1,84,conv_state_update-1 (copy of conv_state_last-1),memory,1,state_waw,73728,cache_r_lN
73,conv_states-1,memory,1,84,conv_state_update-1 (copy of conv_state_last-1),memory,1,state_war,73728,cache_r_lN
81,conv_input-1,memory,1,84,conv_state_update-1 (copy of conv_state_last-1),memory,1,data,73728,
87,cache_s_l1 (reshaped) (view) (view),vector,1,88,node_88,memory,1,state_raw,1048576,cache_s_lN
81,conv_input-1,memory,1,92,conv_output_raw-1,conv,1,data,12656640,
92,conv_output_raw-1,conv,1,93,conv_output_silu-1,vector,1,data,12582912,
93,conv_output_silu-1,vector,1,95,node_95,vector,1,data,4194304,
95,node_95,vector,1,96,q_conv_predelta-1,vector,1,data,4194304,
93,conv_output_silu-1,vector,1,98,node_98,vector,1,data,4194304,
98,node_98,vector,1,99,k_conv_predelta-1,vector,1,data,4194304,
69,attn_norm-1,vector,1,101,node_101,weight_matrix,1,data,4194304,
101,node_101,weight_matrix,1,103,node_103,vector,1,data,32768,
103,node_103,vector,1,104,a_softplus-1,vector,1,data,32768,
104,a_softplus-1,vector,1,105,gate-1,vector,1,data,32768,
69,attn_norm-1,vector,1,107,node_107,weight_matrix,1,data,4194304,
107,node_107,weight_matrix,1,109,beta_sigmoid-1,vector,1,data,32768,
88,node_88,memory,1,111,node_111,recurrent,1,data,1048576,
93,conv_output_silu-1,vector,1,111,node_111,recurrent,1,data,4194304,
96,q_conv_predelta-1,vector,1,111,node_111,recurrent,1,data,4194304,
99,k_conv_predelta-1,vector,1,111,node_111,recurrent,1,data,4194304,
105,gate-1,vector,1,111,node_111,recurrent,1,data,32768,
109,beta_sigmoid-1,vector,1,111,node_111,recurrent,1,data,32768,
87,cache_s_l1 (reshaped) (view) (view),vector,1,114,cache_s_l1 (view) (copy of new_state-1),memory,1,state_waw,1048576,cache_s_lN
88,node_88,memory,1,114,cache_s_l1 (view) (copy of new_state-1),memory,1,state_war,1048576,cache_s_lN
111,node_111,recurrent,1,114,cache_s_l1 (view) (copy of new_state-1),memory,1,data,1048576,
111,node_111,recurrent,1,116,norm-1,vector,1,data,4194304,
116,norm-1,vector,1,117,node_117,vector,1,data,4194304,
69,attn_norm-1,vector,1,118,z-1,weight_matrix,1,data,4194304,
118,z-1,weight_matrix,1,120,node_120,vector,1,data,4194304,
117,node_117,vector,1,121,node_121,vector,1,data,4194304,
120,node_120,vector,1,121,node_121,vector,1,data,4194304,
121,node_121,vector,1,123,linear_attn_out-1,weight_matrix,1,data,4194304,
67,l_out-0,vector,0,125,attn_residual-1,vector,1,data,4194304,
123,linear_attn_out-1,weight_matrix,1,125,attn_residual-1,vector,1,data,4194304,
125,attn_residual-1,vector,1,126,norm-1,vector,1,data,4194304,
126,norm-1,vector,1,127,attn_post_norm-1,vector,1,data,4194304,
127,attn_post_norm-1,vector,1,128,ffn_gate-1,weight_matrix,1,data,4194304,
127,attn_post_norm-1,vector,1,129,ffn_up-1,weight_matrix,1,data,4194304,
128,ffn_gate-1,weight_matrix,1,130,ffn_swiglu-1,vector,1,data,12582912,
129,ffn_up-1,weight_matrix,1,130,ffn_swiglu-1,vector,1,data,12582912,
130,ffn_swiglu-1,vector,1,131,ffn_out-1,weight_matrix,1,data,12582912,
125,attn_residual-1,vector,1,132,l_out-1,vector,1,data,4194304,
131,ffn_out-1,weight_matrix,1,132,l_out-1,vector,1,data,4194304,
132,l_out-1,vector,1,133,norm-2,vector,2,data,4194304,
133,norm-2,vector,2,134,attn_norm-2,vector,2,data,4194304,
137,cache_r_l2 (reshaped) (view) (view),vector,2,138,conv_states-2,memory,2,state_raw,73728,cache_r_lN
134,attn_norm-2,vector,2,143,node_143,weight_matrix,2,data,4194304,
138,conv_states-2,memory,2,146,conv_input-2,memory,2,data,73728,
143,node_143,weight_matrix,2,146,conv_input-2,memory,2,data,12582912,
137,cache_r_l2 (reshaped) (view) (view),vector,2,149,conv_state_update-2 (copy of conv_state_last-2),memory,2,state_waw,73728,cache_r_lN
138,conv_states-2,memory,2,149,conv_state_update-2 (copy of conv_state_last-2),memory,2,state_war,73728,cache_r_lN
146,conv_input-2,memory,2,149,conv_state_update-2 (copy of conv_state_last-2),memory,2,data,73728,
152,cache_s_l2 (reshaped) (view) (view),vector,2,153,node_153,memory,2,state_raw,1048576,cache_s_lN
146,conv_input-2,memory,2,157,conv_output_raw-2,conv,2,data,12656640,
157,conv_output_raw-2,conv,2,158,conv_output_silu-2,vector,2,data,12582912,
158,conv_output_silu-2,vector,2,160,node_160,vector,2,data,4194304,
160,node_160,vector,2,161,q_conv_predelta-2,vector,2,data,4194304,
158,conv_output_silu-2,vector,2,163,node_163,vector,2,data,4194304,
163,node_163,vector,2,164,k_conv_predelta-2,vector,2,data,4194304,
134,attn_norm-2,vector,2,166,node_166,weight_matrix,2,data,4194304,
166,node_166,weight_matrix,2,168,node_168,vector,2,data,32768,
168,node_168,vector,2,169,a_softplus-2,vector,2,data,32768,
169,a_softplus-2,vector,2,170,gate-2,vector,2,data,32768,
134,attn_norm-2,vector,2,172,node_172,weight_matrix,2,data,4194304,
172,node_172,weight_matrix,2,174,beta_sigmoid-2,vector,2,data,32768,
153,node_153,memory,2,176,node_176,recurrent,2,data,1048576,
158,conv_output_silu-2,vector,2,176,node_176,recurrent,2,data,4194304,
161,q_conv_predelta-2,vector,2,176,node_176,recurrent,2,data,4194304,
164,k_conv_predelta-2,vector,2,176,node_176,recurrent,2,data,4194304,
170,gate-2,vector,2,176,node_176,recurrent,2,data,32768,
174,beta_sigmoid-2,vector,2,176,node_176,recurrent,2,data,32768,
152,cache_s_l2 (reshaped) (view) (view),vector,2,179,cache_s_l2 (view) (copy of new_state-2),memory,2,state_waw,1048576,cache_s_lN
153,node_153,memory,2,179,cache_s_l2 (view) (copy of new_state-2),memory,2,state_war,1048576,cache_s_lN
176,node_176,recurrent,2,179,cache_s_l2 (view) (copy of new_state-2),memory,2,data,1048576,
176,node_176,recurrent,2,181,norm-2,vector,2,data,4194304,
181,norm-2,vector,2,182,node_182,vector,2,data,4194304,
134,attn_norm-2,vector,2,183,z-2,weight_matrix,2,data,4194304,
183,z-2,weight_matrix,2,185,node_185,vector,2,data,4194304,
182,node_182,vector,2,186,node_186,vector,2,data,4194304,
185,node_185,vector,2,186,node_186,vector,2,data,4194304,
186,node_186,vector,2,188,linear_attn_out-2,weight_matrix,2,data,4194304,
132,l_out-1,vector,1,190,attn_residual-2,vector,2,data,4194304,
188,linear_attn_out-2,weight_matrix,2,190,attn_residual-2,vector,2,data,4194304,
190,attn_residual-2,vector,2,191,norm-2,vector,2,data,4194304,
191,norm-2,vector,2,192,attn_post_norm-2,vector,2,data,4194304,
192,attn_post_norm-2,vector,2,193,ffn_gate-2,weight_matrix,2,data,4194304,
192,attn_post_norm-2,vector,2,194,ffn_up-2,weight_matrix,2,data,4194304,
193,ffn_gate-2,weight_matrix,2,195,ffn_swiglu-2,vector,2,data,12582912,
194,ffn_up-2,weight_matrix,2,195,ffn_swiglu-2,vector,2,data,12582912,
195,ffn_swiglu-2,vector,2,196,ffn_out-2,weight_matrix,2,data,12582912,
190,attn_residual-2,vector,2,197,l_out-2,vector,2,data,4194304,
196,ffn_out-2,weight_matrix,2,197,l_out-2,vector,2,data,4194304,
197,l_out-2,vector,2,198,norm-3,vector,3,data,4194304,
198,norm-3,vector,3,199,attn_norm-3,vector,3,data,4194304,
199,attn_norm-3,vector,3,200,Qcur_full-3,weight_matrix,3,data,4194304,
200,Qcur_full-3,weight_matrix,3,202,norm-3,vector,3,data,4194304,
202,norm-3,vector,3,203,Qcur_normed-3,vector,3,data,4194304,
203,Qcur_normed-3,vector,3,204,Qcur-3,vector,3,data,4194304,
199,attn_norm-3,vector,3,205,Vcur-3,weight_matrix,3,data,4194304,
199,attn_norm-3,vector,3,207,Kcur-3,weight_matrix,3,data,4194304,
207,Kcur-3,weight_matrix,3,209,norm-3,vector,3,data,1048576,
209,norm-3,vector,3,210,Kcur_normed-3,vector,3,data,1048576,
210,Kcur_normed-3,vector,3,211,Kcur-3,vector,3,data,1048576,
211,Kcur-3,vector,3,213,cache_k_l3 (view),memory,3,data,1048576,
205,Vcur-3,weight_matrix,3,217,cache_v_l3 (reshaped) (view),memory,3,data,1048576,
204,Qcur-3,vector,3,224,kq-3,act_matrix,3,data,4194304,
213,cache_k_l3 (view),memory,3,224,kq-3,act_matrix,3,state_raw,524288,cache_k_lN
224,kq-3,act_matrix,3,225,kq_soft_max-3,vector,3,data,8388608,
217,cache_v_l3 (reshaped) (view),memory,3,226,kqv-3,act_matrix,3,state_raw,524288,cache_v_lN
225,kq_soft_max-3,vector,3,226,kqv-3,act_matrix,3,data,8388608,
226,kqv-3,act_matrix,3,228,attn_pregate-3,memory,3,data,4194304,
200,Qcur_full-3,weight_matrix,3,230,gate_reshaped-3,memory,3,data,4194304,
230,gate_reshaped-3,memory,3,231,gate_sigmoid-3,vector,3,data,4194304,
228,attn_pregate-3,memory,3,232,attn_gated-3,vector,3,data,4194304,
231,gate_sigmoid-3,vector,3,232,attn_gated-3,vector,3,data,4194304,
232,attn_gated-3,vector,3,233,attn_output-3,weight_matrix,3,data,4194304,
197,l_out-2,vector,2,234,attn_residual-3,vector,3,data,4194304,
233,attn_output-3,weight_matrix,3,234,attn_residual-3,vector,3,data,4194304,
234,attn_residual-3,vector,3,235,norm-3,vector,3,data,4194304,
235,norm-3,vector,3,236,attn_post_norm-3,vector,3,data,4194304,
236,attn_post_norm-3,vector,3,237,ffn_gate-3,weight_matrix,3,data,4194304,
236,attn_post_norm-3,vector,3,238,ffn_up-3,weight_matrix,3,data,4194304,
237,ffn_gate-3,weight_matrix,3,239,ffn_swiglu-3,vector,3,data,12582912,
238,ffn_up-3,weight_matrix,3,239,ffn_swiglu-3,vector,3,data,12582912,
239,ffn_swiglu-3,vector,3,240,ffn_out-3,weight_matrix,3,data,12582912,
234,attn_residual-3,vector,3,241,l_out-3,vector,3,data,4194304,
240,ffn_out-3,weight_matrix,3,241,l_out-3,vector,3,data,4194304,
241,l_out-3,vector,3,242,norm-4,vector,4,data,4194304,
242,norm-4,vector,4,243,attn_norm-4,vector,4,data,4194304,
246,cache_r_l4 (reshaped) (view) (view),vector,4,247,conv_states-4,memory,4,state_raw,73728,cache_r_lN
243,attn_norm-4,vector,4,252,node_252,weight_matrix,4,data,4194304,
247,conv_states-4,memory,4,255,conv_input-4,memory,4,data,73728,
252,node_252,weight_matrix,4,255,conv_input-4,memory,4,data,12582912,
246,cache_r_l4 (reshaped) (view) (view),vector,4,258,conv_state_update-4 (copy of conv_state_last-4),memory,4,state_waw,73728,cache_r_lN
247,conv_states-4,memory,4,258,conv_state_update-4 (copy of conv_state_last-4),memory,4,state_war,73728,cache_r_lN
255,conv_input-4,memory,4,258,conv_state_update-4 (copy of conv_state_last-4),memory,4,data,73728,
261,cache_s_l4 (reshaped) (view) (view),vector,4,262,node_262,memory,4,state_raw,1048576,cache_s_lN
255,conv_input-4,memory,4,266,conv_output_raw-4,conv,4,data,12656640,
266,conv_output_raw-4,conv,4,267,conv_output_silu-4,vector,4,data,12582912,
267,conv_output_silu-4,vector,4,269,node_269,vector,4,data,4194304,
269,node_269,vector,4,270,q_conv_predelta-4,vector,4,data,4194304,
267,conv_output_silu-4,vector,4,272,node_272,vector,4,data,4194304,
272,node_272,vector,4,273,k_conv_predelta-4,vector,4,data,4194304,
243,attn_norm-4,vector,4,275,node_275,weight_matrix,4,data,4194304,
275,node_275,weight_matrix,4,277,node_277,vector,4,data,32768,
277,node_277,vector,4,278,a_softplus-4,vector,4,data,32768,
278,a_softplus-4,vector,4,279,gate-4,vector,4,data,32768,
243,attn_norm-4,vector,4,281,node_281,weight_matrix,4,data,4194304,
281,node_281,weight_matrix,4,283,beta_sigmoid-4,vector,4,data,32768,
262,node_262,memory,4,285,node_285,recurrent,4,data,1048576,
267,conv_output_silu-4,vector,4,285,node_285,recurrent,4,data,4194304,
270,q_conv_predelta-4,vector,4,285,node_285,recurrent,4,data,4194304,
273,k_conv_predelta-4,vector,4,285,node_285,recurrent,4,data,4194304,
279,gate-4,vector,4,285,node_285,recurrent,4,data,32768,
283,beta_sigmoid-4,vector,4,285,node_285,recurrent,4,data,32768,
261,cache_s_l4 (reshaped) (view) (view),vector,4,288,cache_s_l4 (view) (copy of new_state-4),memory,4,state_waw,1048576,cache_s_lN
262,node_262,memory,4,288,cache_s_l4 (view) (copy of new_state-4),memory,4,state_war,1048576,cache_s_lN
285,node_285,recurrent,4,288,cache_s_l4 (view) (copy of new_state-4),memory,4,data,1048576,
285,node_285,recurrent,4,290,norm-4,vector,4,data,4194304,
290,norm-4,vector,4,291,node_291,vector,4,data,4194304,
243,attn_norm-4,vector,4,292,z-4,weight_matrix,4,data,4194304,
292,z-4,weight_matrix,4,294,node_294,vector,4,data,4194304,
291,node_291,vector,4,295,node_295,vector,4,data,4194304,
294,node_294,vector,4,295,node_295,vector,4,data,4194304,
295,node_295,vector,4,297,linear_attn_out-4,weight_matrix,4,data,4194304,
241,l_out-3,vector,3,299,attn_residual-4,vector,4,data,4194304,
297,linear_attn_out-4,weight_matrix,4,299,attn_residual-4,vector,4,data,4194304,
299,attn_residual-4,vector,4,300,norm-4,vector,4,data,4194304,
300,norm-4,vector,4,301,attn_post_norm-4,vector,4,data,4194304,
301,attn_post_norm-4,vector,4,302,ffn_gate-4,weight_matrix,4,data,4194304,
301,attn_post_norm-4,vector,4,303,ffn_up-4,weight_matrix,4,data,4194304,
302,ffn_gate-4,weight_matrix,4,304,ffn_swiglu-4,vector,4,data,12582912,
303,ffn_up-4,weight_matrix,4,304,ffn_swiglu-4,vector,4,data,12582912,
304,ffn_swiglu-4,vector,4,305,ffn_out-4,weight_matrix,4,data,12582912,
299,attn_residual-4,vector,4,306,l_out-4,vector,4,data,4194304,
305,ffn_out-4,weight_matrix,4,306,l_out-4,vector,4,data,4194304,
306,l_out-4,vector,4,307,norm-5,vector,5,data,4194304,
307,norm-5,vector,5,308,attn_norm-5,vector,5,data,4194304,
311,cache_r_l5 (reshaped) (view) (view),vector,5,312,conv_states-5,memory,5,state_raw,73728,cache_r_lN
308,attn_norm-5,vector,5,317,node_317,weight_matrix,5,data,4194304,
312,conv_states-5,memory,5,320,conv_input-5,memory,5,data,73728,
317,node_317,weight_matrix,5,320,conv_input-5,memory,5,data,12582912,
311,cache_r_l5 (reshaped) (view) (view),vector,5,323,conv_state_update-5 (copy of conv_state_last-5),memory,5,state_waw,73728,cache_r_lN
312,conv_states-5,memory,5,323,conv_state_update-5 (copy of conv_state_last-5),memory,5,state_war,73728,cache_r_lN
320,conv_input-5,memory,5,323,conv_state_update-5 (copy of conv_state_last-5),memory,5,data,73728,
326,cache_s_l5 (reshaped) (view) (view),vector,5,327,node_327,memory,5,state_raw,1048576,cache_s_lN
320,conv_input-5,memory,5,331,conv_output_raw-5,conv,5,data,12656640,
331,conv_output_raw-5,conv,5,332,conv_output_silu-5,vector,5,data,12582912,
332,conv_output_silu-5,vector,5,334,node_334,vector,5,data,4194304,
334,node_334,vector,5,335,q_conv_predelta-5,vector,5,data,4194304,
332,conv_output_silu-5,vector,5,337,node_337,vector,5,data,4194304,
337,node_337,vector,5,338,k_conv_predelta-5,vector,5,data,4194304,
308,attn_norm-5,vector,5,340,node_340,weight_matrix,5,data,4194304,
340,node_340,weight_matrix,5,342,node_342,vector,5,data,32768,
342,node_342,vector,5,343,a_softplus-5,vector,5,data,32768,
343,a_softplus-5,vector,5,344,gate-5,vector,5,data,32768,
308,attn_norm-5,vector,5,346,node_346,weight_matrix,5,data,4194304,
346,node_346,weight_matrix,5,348,beta_sigmoid-5,vector,5,data,32768,
327,node_327,memory,5,350,node_350,recurrent,5,data,1048576,
332,conv_output_silu-5,vector,5,350,node_350,recurrent,5,data,4194304,
335,q_conv_predelta-5,vector,5,350,node_350,recurrent,5,data,4194304,
338,k_conv_predelta-5,vector,5,350,node_350,recurrent,5,data,4194304,
344,gate-5,vector,5,350,node_350,recurrent,5,data,32768,
348,beta_sigmoid-5,vector,5,350,node_350,recurrent,5,data,32768,
326,cache_s_l5 (reshaped) (view) (view),vector,5,353,cache_s_l5 (view) (copy of new_state-5),memory,5,state_waw,1048576,cache_s_lN
327,node_327,memory,5,353,cache_s_l5 (view) (copy of new_state-5),memory,5,state_war,1048576,cache_s_lN
350,node_350,recurrent,5,353,cache_s_l5 (view) (copy of new_state-5),memory,5,data,1048576,
350,node_350,recurrent,5,355,norm-5,vector,5,data,4194304,
355,norm-5,vector,5,356,node_356,vector,5,data,4194304,
308,attn_norm-5,vector,5,357,z-5,weight_matrix,5,data,4194304,
357,z-5,weight_matrix,5,359,node_359,vector,5,data,4194304,
356,node_356,vector,5,360,node_360,vector,5,data,4194304,
359,node_359,vector,5,360,node_360,vector,5,data,4194304,
360,node_360,vector,5,362,linear_attn_out-5,weight_matrix,5,data,4194304,
306,l_out-4,vector,4,364,attn_residual-5,vector,5,data,4194304,
362,linear_attn_out-5,weight_matrix,5,364,attn_residual-5,vector,5,data,4194304,
364,attn_residual-5,vector,5,365,norm-5,vector,5,data,4194304,
365,norm-5,vector,5,366,attn_post_norm-5,vector,5,data,4194304,
366,attn_post_norm-5,vector,5,367,ffn_gate-5,weight_matrix,5,data,4194304,
366,attn_post_norm-5,vector,5,368,ffn_up-5,weight_matrix,5,data,4194304,
367,ffn_gate-5,weight_matrix,5,369,ffn_swiglu-5,vector,5,data,12582912,
368,ffn_up-5,weight_matrix,5,369,ffn_swiglu-5,vector,5,data,12582912,
369,ffn_swiglu-5,vector,5,370,ffn_out-5,weight_matrix,5,data,12582912,
364,attn_residual-5,vector,5,371,l_out-5,vector,5,data,4194304,
370,ffn_out-5,weight_matrix,5,371,l_out-5,vector,5,data,4194304,
371,l_out-5,vector,5,372,norm-6,vector,6,data,4194304,
372,norm-6,vector,6,373,attn_norm-6,vector,6,data,4194304,
376,cache_r_l6 (reshaped) (view) (view),vector,6,377,conv_states-6,memory,6,state_raw,73728,cache_r_lN
373,attn_norm-6,vector,6,382,node_382,weight_matrix,6,data,4194304,
377,conv_states-6,memory,6,385,conv_input-6,memory,6,data,73728,
382,node_382,weight_matrix,6,385,conv_input-6,memory,6,data,12582912,
376,cache_r_l6 (reshaped) (view) (view),vector,6,388,conv_state_update-6 (copy of conv_state_last-6),memory,6,state_waw,73728,cache_r_lN
377,conv_states-6,memory,6,388,conv_state_update-6 (copy of conv_state_last-6),memory,6,state_war,73728,cache_r_lN
385,conv_input-6,memory,6,388,conv_state_update-6 (copy of conv_state_last-6),memory,6,data,73728,
391,cache_s_l6 (reshaped) (view) (view),vector,6,392,node_392,memory,6,state_raw,1048576,cache_s_lN
385,conv_input-6,memory,6,396,conv_output_raw-6,conv,6,data,12656640,
396,conv_output_raw-6,conv,6,397,conv_output_silu-6,vector,6,data,12582912,
397,conv_output_silu-6,vector,6,399,node_399,vector,6,data,4194304,
399,node_399,vector,6,400,q_conv_predelta-6,vector,6,data,4194304,
397,conv_output_silu-6,vector,6,402,node_402,vector,6,data,4194304,
402,node_402,vector,6,403,k_conv_predelta-6,vector,6,data,4194304,
373,attn_norm-6,vector,6,405,node_405,weight_matrix,6,data,4194304,
405,node_405,weight_matrix,6,407,node_407,vector,6,data,32768,
407,node_407,vector,6,408,a_softplus-6,vector,6,data,32768,
408,a_softplus-6,vector,6,409,gate-6,vector,6,data,32768,
373,attn_norm-6,vector,6,411,node_411,weight_matrix,6,data,4194304,
411,node_411,weight_matrix,6,413,beta_sigmoid-6,vector,6,data,32768,
392,node_392,memory,6,415,node_415,recurrent,6,data,1048576,
397,conv_output_silu-6,vector,6,415,node_415,recurrent,6,data,4194304,
400,q_conv_predelta-6,vector,6,415,node_415,recurrent,6,data,4194304,
403,k_conv_predelta-6,vector,6,415,node_415,recurrent,6,data,4194304,
409,gate-6,vector,6,415,node_415,recurrent,6,data,32768,
413,beta_sigmoid-6,vector,6,415,node_415,recurrent,6,data,32768,
391,cache_s_l6 (reshaped) (view) (view),vector,6,418,cache_s_l6 (view) (copy of new_state-6),memory,6,state_waw,1048576,cache_s_lN
392,node_392,memory,6,418,cache_s_l6 (view) (copy of new_state-6),memory,6,state_war,1048576,cache_s_lN
415,node_415,recurrent,6,418,cache_s_l6 (view) (copy of new_state-6),memory,6,data,1048576,
415,node_415,recurrent,6,420,norm-6,vector,6,data,4194304,
420,norm-6,vector,6,421,node_421,vector,6,data,4194304,
373,attn_norm-6,vector,6,422,z-6,weight_matrix,6,data,4194304,
422,z-6,weight_matrix,6,424,node_424,vector,6,data,4194304,
421,node_421,vector,6,425,node_425,vector,6,data,4194304,
424,node_424,vector,6,425,node_425,vector,6,data,4194304,
425,node_425,vector,6,427,linear_attn_out-6,weight_matrix,6,data,4194304,
371,l_out-5,vector,5,429,attn_residual-6,vector,6,data,4194304,
427,linear_attn_out-6,weight_matrix,6,429,attn_residual-6,vector,6,data,4194304,
429,attn_residual-6,vector,6,430,norm-6,vector,6,data,4194304,
430,norm-6,vector,6,431,attn_post_norm-6,vector,6,data,4194304,
431,attn_post_norm-6,vector,6,432,ffn_gate-6,weight_matrix,6,data,4194304,
431,attn_post_norm-6,vector,6,433,ffn_up-6,weight_matrix,6,data,4194304,
432,ffn_gate-6,weight_matrix,6,434,ffn_swiglu-6,vector,6,data,12582912,
433,ffn_up-6,weight_matrix,6,434,ffn_swiglu-6,vector,6,data,12582912,
434,ffn_swiglu-6,vector,6,435,ffn_out-6,weight_matrix,6,data,12582912,
429,attn_residual-6,vector,6,436,l_out-6,vector,6,data,4194304,
435,ffn_out-6,weight_matrix,6,436,l_out-6,vector,6,data,4194304,
436,l_out-6,vector,6,437,norm-7,vector,7,data,4194304,
437,norm-7,vector,7,438,attn_norm-7,vector,7,data,4194304,
438,attn_norm-7,vector,7,439,Qcur_full-7,weight_matrix,7,data,4194304,
439,Qcur_full-7,weight_matrix,7,441,norm-7,vector,7,data,4194304,
441,norm-7,vector,7,442,Qcur_normed-7,vector,7,data,4194304,
442,Qcur_normed-7,vector,7,443,Qcur-7,vector,7,data,4194304,
438,attn_norm-7,vector,7,444,Vcur-7,weight_matrix,7,data,4194304,
438,attn_norm-7,vector,7,446,Kcur-7,weight_matrix,7,data,4194304,
446,Kcur-7,weight_matrix,7,448,norm-7,vector,7,data,1048576,
448,norm-7,vector,7,449,Kcur_normed-7,vector,7,data,1048576,
449,Kcur_normed-7,vector,7,450,Kcur-7,vector,7,data,1048576,
450,Kcur-7,vector,7,452,cache_k_l7 (view),memory,7,data,1048576,
444,Vcur-7,weight_matrix,7,456,cache_v_l7 (reshaped) (view),memory,7,data,1048576,
443,Qcur-7,vector,7,463,kq-7,act_matrix,7,data,4194304,
452,cache_k_l7 (view),memory,7,463,kq-7,act_matrix,7,state_raw,524288,cache_k_lN
463,kq-7,act_matrix,7,464,kq_soft_max-7,vector,7,data,8388608,
456,cache_v_l7 (reshaped) (view),memory,7,465,kqv-7,act_matrix,7,state_raw,524288,cache_v_lN
464,kq_soft_max-7,vector,7,465,kqv-7,act_matrix,7,data,8388608,
465,kqv-7,act_matrix,7,467,attn_pregate-7,memory,7,data,4194304,
439,Qcur_full-7,weight_matrix,7,469,gate_reshaped-7,memory,7,data,4194304,
469,gate_reshaped-7,memory,7,470,gate_sigmoid-7,vector,7,data,4194304,
467,attn_pregate-7,memory,7,471,attn_gated-7,vector,7,data,4194304,
470,gate_sigmoid-7,vector,7,471,attn_gated-7,vector,7,data,4194304,
471,attn_gated-7,vector,7,472,attn_output-7,weight_matrix,7,data,4194304,
436,l_out-6,vector,6,473,attn_residual-7,vector,7,data,4194304,
472,attn_output-7,weight_matrix,7,473,attn_residual-7,vector,7,data,4194304,
473,attn_residual-7,vector,7,474,norm-7,vector,7,data,4194304,
474,norm-7,vector,7,475,attn_post_norm-7,vector,7,data,4194304,
475,attn_post_norm-7,vector,7,476,ffn_gate-7,weight_matrix,7,data,4194304,
475,attn_post_norm-7,vector,7,477,ffn_up-7,weight_matrix,7,data,4194304,
476,ffn_gate-7,weight_matrix,7,478,ffn_swiglu-7,vector,7,data,12582912,
477,ffn_up-7,weight_matrix,7,478,ffn_swiglu-7,vector,7,data,12582912,
478,ffn_swiglu-7,vector,7,479,ffn_out-7,weight_matrix,7,data,12582912,
473,attn_residual-7,vector,7,480,l_out-7,vector,7,data,4194304,
479,ffn_out-7,weight_matrix,7,480,l_out-7,vector,7,data,4194304,
480,l_out-7,vector,7,481,norm-8,vector,8,data,4194304,
481,norm-8,vector,8,482,attn_norm-8,vector,8,data,4194304,
485,cache_r_l8 (reshaped) (view) (view),vector,8,486,conv_states-8,memory,8,state_raw,73728,cache_r_lN
482,attn_norm-8,vector,8,491,node_491,weight_matrix,8,data,4194304,
486,conv_states-8,memory,8,494,conv_input-8,memory,8,data,73728,
491,node_491,weight_matrix,8,494,conv_input-8,memory,8,data,12582912,
485,cache_r_l8 (reshaped) (view) (view),vector,8,497,conv_state_update-8 (copy of conv_state_last-8),memory,8,state_waw,73728,cache_r_lN
486,conv_states-8,memory,8,497,conv_state_update-8 (copy of conv_state_last-8),memory,8,state_war,73728,cache_r_lN
494,conv_input-8,memory,8,497,conv_state_update-8 (copy of conv_state_last-8),memory,8,data,73728,
500,cache_s_l8 (reshaped) (view) (view),vector,8,501,node_501,memory,8,state_raw,1048576,cache_s_lN
494,conv_input-8,memory,8,505,conv_output_raw-8,conv,8,data,12656640,
505,conv_output_raw-8,conv,8,506,conv_output_silu-8,vector,8,data,12582912,
506,conv_output_silu-8,vector,8,508,node_508,vector,8,data,4194304,
508,node_508,vector,8,509,q_conv_predelta-8,vector,8,data,4194304,
506,conv_output_silu-8,vector,8,511,node_511,vector,8,data,4194304,
511,node_511,vector,8,512,k_conv_predelta-8,vector,8,data,4194304,
482,attn_norm-8,vector,8,514,node_514,weight_matrix,8,data,4194304,
514,node_514,weight_matrix,8,516,node_516,vector,8,data,32768,
516,node_516,vector,8,517,a_softplus-8,vector,8,data,32768,
517,a_softplus-8,vector,8,518,gate-8,vector,8,data,32768,
482,attn_norm-8,vector,8,520,node_520,weight_matrix,8,data,4194304,
520,node_520,weight_matrix,8,522,beta_sigmoid-8,vector,8,data,32768,
501,node_501,memory,8,524,node_524,recurrent,8,data,1048576,
506,conv_output_silu-8,vector,8,524,node_524,recurrent,8,data,4194304,
509,q_conv_predelta-8,vector,8,524,node_524,recurrent,8,data,4194304,
512,k_conv_predelta-8,vector,8,524,node_524,recurrent,8,data,4194304,
518,gate-8,vector,8,524,node_524,recurrent,8,data,32768,
522,beta_sigmoid-8,vector,8,524,node_524,recurrent,8,data,32768,
500,cache_s_l8 (reshaped) (view) (view),vector,8,527,cache_s_l8 (view) (copy of new_state-8),memory,8,state_waw,1048576,cache_s_lN
501,node_501,memory,8,527,cache_s_l8 (view) (copy of new_state-8),memory,8,state_war,1048576,cache_s_lN
524,node_524,recurrent,8,527,cache_s_l8 (view) (copy of new_state-8),memory,8,data,1048576,
524,node_524,recurrent,8,529,norm-8,vector,8,data,4194304,
529,norm-8,vector,8,530,node_530,vector,8,data,4194304,
482,attn_norm-8,vector,8,531,z-8,weight_matrix,8,data,4194304,
531,z-8,weight_matrix,8,533,node_533,vector,8,data,4194304,
530,node_530,vector,8,534,node_534,vector,8,data,4194304,
533,node_533,vector,8,534,node_534,vector,8,data,4194304,
534,node_534,vector,8,536,linear_attn_out-8,weight_matrix,8,data,4194304,
480,l_out-7,vector,7,538,attn_residual-8,vector,8,data,4194304,
536,linear_attn_out-8,weight_matrix,8,538,attn_residual-8,vector,8,data,4194304,
538,attn_residual-8,vector,8,539,norm-8,vector,8,data,4194304,
539,norm-8,vector,8,540,attn_post_norm-8,vector,8,data,4194304,
540,attn_post_norm-8,vector,8,541,ffn_gate-8,weight_matrix,8,data,4194304,
540,attn_post_norm-8,vector,8,542,ffn_up-8,weight_matrix,8,data,4194304,
541,ffn_gate-8,weight_matrix,8,543,ffn_swiglu-8,vector,8,data,12582912,
542,ffn_up-8,weight_matrix,8,543,ffn_swiglu-8,vector,8,data,12582912,
543,ffn_swiglu-8,vector,8,544,ffn_out-8,weight_matrix,8,data,12582912,
538,attn_residual-8,vector,8,545,l_out-8,vector,8,data,4194304,
544,ffn_out-8,weight_matrix,8,545,l_out-8,vector,8,data,4194304,
545,l_out-8,vector,8,546,norm-9,vector,9,data,4194304,
546,norm-9,vector,9,547,attn_norm-9,vector,9,data,4194304,
550,cache_r_l9 (reshaped) (view) (view),vector,9,551,conv_states-9,memory,9,state_raw,73728,cache_r_lN
547,attn_norm-9,vector,9,556,node_556,weight_matrix,9,data,4194304,
551,conv_states-9,memory,9,559,conv_input-9,memory,9,data,73728,
556,node_556,weight_matrix,9,559,conv_input-9,memory,9,data,12582912,
550,cache_r_l9 (reshaped) (view) (view),vector,9,562,conv_state_update-9 (copy of conv_state_last-9),memory,9,state_waw,73728,cache_r_lN
551,conv_states-9,memory,9,562,conv_state_update-9 (copy of conv_state_last-9),memory,9,state_war,73728,cache_r_lN
559,conv_input-9,memory,9,562,conv_state_update-9 (copy of conv_state_last-9),memory,9,data,73728,
565,cache_s_l9 (reshaped) (view) (view),vector,9,566,node_566,memory,9,state_raw,1048576,cache_s_lN
559,conv_input-9,memory,9,570,conv_output_raw-9,conv,9,data,12656640,
570,conv_output_raw-9,conv,9,571,conv_output_silu-9,vector,9,data,12582912,
571,conv_output_silu-9,vector,9,573,node_573,vector,9,data,4194304,
573,node_573,vector,9,574,q_conv_predelta-9,vector,9,data,4194304,
571,conv_output_silu-9,vector,9,576,node_576,vector,9,data,4194304,
576,node_576,vector,9,577,k_conv_predelta-9,vector,9,data,4194304,
547,attn_norm-9,vector,9,579,node_579,weight_matrix,9,data,4194304,
579,node_579,weight_matrix,9,581,node_581,vector,9,data,32768,
581,node_581,vector,9,582,a_softplus-9,vector,9,data,32768,
582,a_softplus-9,vector,9,583,gate-9,vector,9,data,32768,
547,attn_norm-9,vector,9,585,node_585,weight_matrix,9,data,4194304,
585,node_585,weight_matrix,9,587,beta_sigmoid-9,vector,9,data,32768,
566,node_566,memory,9,589,node_589,recurrent,9,data,1048576,
571,conv_output_silu-9,vector,9,589,node_589,recurrent,9,data,4194304,
574,q_conv_predelta-9,vector,9,589,node_589,recurrent,9,data,4194304,
577,k_conv_predelta-9,vector,9,589,node_589,recurrent,9,data,4194304,
583,gate-9,vector,9,589,node_589,recurrent,9,data,32768,
587,beta_sigmoid-9,vector,9,589,node_589,recurrent,9,data,32768,
565,cache_s_l9 (reshaped) (view) (view),vector,9,592,cache_s_l9 (view) (copy of new_state-9),memory,9,state_waw,1048576,cache_s_lN
566,node_566,memory,9,592,cache_s_l9 (view) (copy of new_state-9),memory,9,state_war,1048576,cache_s_lN
589,node_589,recurrent,9,592,cache_s_l9 (view) (copy of new_state-9),memory,9,data,1048576,
589,node_589,recurrent,9,594,norm-9,vector,9,data,4194304,
594,norm-9,vector,9,595,node_595,vector,9,data,4194304,
547,attn_norm-9,vector,9,596,z-9,weight_matrix,9,data,4194304,
596,z-9,weight_matrix,9,598,node_598,vector,9,data,4194304,
595,node_595,vector,9,599,node_599,vector,9,data,4194304,
598,node_598,vector,9,599,node_599,vector,9,data,4194304,
599,node_599,vector,9,601,linear_attn_out-9,weight_matrix,9,data,4194304,
545,l_out-8,vector,8,603,attn_residual-9,vector,9,data,4194304,
601,linear_attn_out-9,weight_matrix,9,603,attn_residual-9,vector,9,data,4194304,
603,attn_residual-9,vector,9,604,norm-9,vector,9,data,4194304,
604,norm-9,vector,9,605,attn_post_norm-9,vector,9,data,4194304,
605,attn_post_norm-9,vector,9,606,ffn_gate-9,weight_matrix,9,data,4194304,
605,attn_post_norm-9,vector,9,607,ffn_up-9,weight_matrix,9,data,4194304,
606,ffn_gate-9,weight_matrix,9,608,ffn_swiglu-9,vector,9,data,12582912,
607,ffn_up-9,weight_matrix,9,608,ffn_swiglu-9,vector,9,data,12582912,
608,ffn_swiglu-9,vector,9,609,ffn_out-9,weight_matrix,9,data,12582912,
603,attn_residual-9,vector,9,610,l_out-9,vector,9,data,4194304,
609,ffn_out-9,weight_matrix,9,610,l_out-9,vector,9,data,4194304,
610,l_out-9,vector,9,611,norm-10,vector,10,data,4194304,
611,norm-10,vector,10,612,attn_norm-10,vector,10,data,4194304,
615,cache_r_l10 (reshaped) (view) (view),vector,10,616,conv_states-10,memory,10,state_raw,73728,cache_r_lN
612,attn_norm-10,vector,10,621,node_621,weight_matrix,10,data,4194304,
616,conv_states-10,memory,10,624,conv_input-10,memory,10,data,73728,
621,node_621,weight_matrix,10,624,conv_input-10,memory,10,data,12582912,
615,cache_r_l10 (reshaped) (view) (view),vector,10,627,conv_state_update-10 (copy of conv_state_last-10),memory,10,state_waw,73728,cache_r_lN
616,conv_states-10,memory,10,627,conv_state_update-10 (copy of conv_state_last-10),memory,10,state_war,73728,cache_r_lN
624,conv_input-10,memory,10,627,conv_state_update-10 (copy of conv_state_last-10),memory,10,data,73728,
630,cache_s_l10 (reshaped) (view) (view),vector,10,631,node_631,memory,10,state_raw,1048576,cache_s_lN
624,conv_input-10,memory,10,635,conv_output_raw-10,conv,10,data,12656640,
635,conv_output_raw-10,conv,10,636,conv_output_silu-10,vector,10,data,12582912,
636,conv_output_silu-10,vector,10,638,node_638,vector,10,data,4194304,
638,node_638,vector,10,639,q_conv_predelta-10,vector,10,data,4194304,
636,conv_output_silu-10,vector,10,641,node_641,vector,10,data,4194304,
641,node_641,vector,10,642,k_conv_predelta-10,vector,10,data,4194304,
612,attn_norm-10,vector,10,644,node_644,weight_matrix,10,data,4194304,
644,node_644,weight_matrix,10,646,node_646,vector,10,data,32768,
646,node_646,vector,10,647,a_softplus-10,vector,10,data,32768,
647,a_softplus-10,vector,10,648,gate-10,vector,10,data,32768,
612,attn_norm-10,vector,10,650,node_650,weight_matrix,10,data,4194304,
650,node_650,weight_matrix,10,652,beta_sigmoid-10,vector,10,data,32768,
631,node_631,memory,10,654,node_654,recurrent,10,data,1048576,
636,conv_output_silu-10,vector,10,654,node_654,recurrent,10,data,4194304,
639,q_conv_predelta-10,vector,10,654,node_654,recurrent,10,data,4194304,
642,k_conv_predelta-10,vector,10,654,node_654,recurrent,10,data,4194304,
648,gate-10,vector,10,654,node_654,recurrent,10,data,32768,
652,beta_sigmoid-10,vector,10,654,node_654,recurrent,10,data,32768,
630,cache_s_l10 (reshaped) (view) (view),vector,10,657,cache_s_l10 (view) (copy of new_state-10),memory,10,state_waw,1048576,cache_s_lN
631,node_631,memory,10,657,cache_s_l10 (view) (copy of new_state-10),memory,10,state_war,1048576,cache_s_lN
654,node_654,recurrent,10,657,cache_s_l10 (view) (copy of new_state-10),memory,10,data,1048576,
654,node_654,recurrent,10,659,norm-10,vector,10,data,4194304,
659,norm-10,vector,10,660,node_660,vector,10,data,4194304,
612,attn_norm-10,vector,10,661,z-10,weight_matrix,10,data,4194304,
661,z-10,weight_matrix,10,663,node_663,vector,10,data,4194304,
660,node_660,vector,10,664,node_664,vector,10,data,4194304,
663,node_663,vector,10,664,node_664,vector,10,data,4194304,
664,node_664,vector,10,666,linear_attn_out-10,weight_matrix,10,data,4194304,
610,l_out-9,vector,9,668,attn_residual-10,vector,10,data,4194304,
666,linear_attn_out-10,weight_matrix,10,668,attn_residual-10,vector,10,data,4194304,
668,attn_residual-10,vector,10,669,norm-10,vector,10,data,4194304,
669,norm-10,vector,10,670,attn_post_norm-10,vector,10,data,4194304,
670,attn_post_norm-10,vector,10,671,ffn_gate-10,weight_matrix,10,data,4194304,
670,attn_post_norm-10,vector,10,672,ffn_up-10,weight_matrix,10,data,4194304,
671,ffn_gate-10,weight_matrix,10,673,ffn_swiglu-10,vector,10,data,12582912,
672,ffn_up-10,weight_matrix,10,673,ffn_swiglu-10,vector,10,data,12582912,
673,ffn_swiglu-10,vector,10,674,ffn_out-10,weight_matrix,10,data,12582912,
668,attn_residual-10,vector,10,675,l_out-10,vector,10,data,4194304,
674,ffn_out-10,weight_matrix,10,675,l_out-10,vector,10,data,4194304,
675,l_out-10,vector,10,676,norm-11,vector,11,data,4194304,
676,norm-11,vector,11,677,attn_norm-11,vector,11,data,4194304,
677,attn_norm-11,vector,11,678,Qcur_full-11,weight_matrix,11,data,4194304,
678,Qcur_full-11,weight_matrix,11,680,norm-11,vector,11,data,4194304,
680,norm-11,vector,11,681,Qcur_normed-11,vector,11,data,4194304,
681,Qcur_normed-11,vector,11,682,Qcur-11,vector,11,data,4194304,
677,attn_norm-11,vector,11,683,Vcur-11,weight_matrix,11,data,4194304,
677,attn_norm-11,vector,11,685,Kcur-11,weight_matrix,11,data,4194304,
685,Kcur-11,weight_matrix,11,687,norm-11,vector,11,data,1048576,
687,norm-11,vector,11,688,Kcur_normed-11,vector,11,data,1048576,
688,Kcur_normed-11,vector,11,689,Kcur-11,vector,11,data,1048576,
689,Kcur-11,vector,11,691,cache_k_l11 (view),memory,11,data,1048576,
683,Vcur-11,weight_matrix,11,695,cache_v_l11 (reshaped) (view),memory,11,data,1048576,
682,Qcur-11,vector,11,702,kq-11,act_matrix,11,data,4194304,
691,cache_k_l11 (view),memory,11,702,kq-11,act_matrix,11,state_raw,524288,cache_k_lN
702,kq-11,act_matrix,11,703,kq_soft_max-11,vector,11,data,8388608,
695,cache_v_l11 (reshaped) (view),memory,11,704,kqv-11,act_matrix,11,state_raw,524288,cache_v_lN
703,kq_soft_max-11,vector,11,704,kqv-11,act_matrix,11,data,8388608,
704,kqv-11,act_matrix,11,706,attn_pregate-11,memory,11,data,4194304,
678,Qcur_full-11,weight_matrix,11,708,gate_reshaped-11,memory,11,data,4194304,
708,gate_reshaped-11,memory,11,709,gate_sigmoid-11,vector,11,data,4194304,
706,attn_pregate-11,memory,11,710,attn_gated-11,vector,11,data,4194304,
709,gate_sigmoid-11,vector,11,710,attn_gated-11,vector,11,data,4194304,
710,attn_gated-11,vector,11,711,attn_output-11,weight_matrix,11,data,4194304,
675,l_out-10,vector,10,712,attn_residual-11,vector,11,data,4194304,
711,attn_output-11,weight_matrix,11,712,attn_residual-11,vector,11,data,4194304,
712,attn_residual-11,vector,11,713,norm-11,vector,11,data,4194304,
713,norm-11,vector,11,714,attn_post_norm-11,vector,11,data,4194304,
714,attn_post_norm-11,vector,11,715,ffn_gate-11,weight_matrix,11,data,4194304,
714,attn_post_norm-11,vector,11,716,ffn_up-11,weight_matrix,11,data,4194304,
715,ffn_gate-11,weight_matrix,11,717,ffn_swiglu-11,vector,11,data,12582912,
716,ffn_up-11,weight_matrix,11,717,ffn_swiglu-11,vector,11,data,12582912,
717,ffn_swiglu-11,vector,11,718,ffn_out-11,weight_matrix,11,data,12582912,
712,attn_residual-11,vector,11,719,l_out-11,vector,11,data,4194304,
718,ffn_out-11,weight_matrix,11,719,l_out-11,vector,11,data,4194304,
719,l_out-11,vector,11,720,norm-12,vector,12,data,4194304,
720,norm-12,vector,12,721,attn_norm-12,vector,12,data,4194304,
724,cache_r_l12 (reshaped) (view) (view),vector,12,725,conv_states-12,memory,12,state_raw,73728,cache_r_lN
721,attn_norm-12,vector,12,730,node_730,weight_matrix,12,data,4194304,
725,conv_states-12,memory,12,733,conv_input-12,memory,12,data,73728,
730,node_730,weight_matrix,12,733,conv_input-12,memory,12,data,12582912,
724,cache_r_l12 (reshaped) (view) (view),vector,12,736,conv_state_update-12 (copy of conv_state_last-12),memory,12,state_waw,73728,cache_r_lN
725,conv_states-12,memory,12,736,conv_state_update-12 (copy of conv_state_last-12),memory,12,state_war,73728,cache_r_lN
733,conv_input-12,memory,12,736,conv_state_update-12 (copy of conv_state_last-12),memory,12,data,73728,
739,cache_s_l12 (reshaped) (view) (view),vector,12,740,node_740,memory,12,state_raw,1048576,cache_s_lN
733,conv_input-12,memory,12,744,conv_output_raw-12,conv,12,data,12656640,
744,conv_output_raw-12,conv,12,745,conv_output_silu-12,vector,12,data,12582912,
745,conv_output_silu-12,vector,12,747,node_747,vector,12,data,4194304,
747,node_747,vector,12,748,q_conv_predelta-12,vector,12,data,4194304,
745,conv_output_silu-12,vector,12,750,node_750,vector,12,data,4194304,
750,node_750,vector,12,751,k_conv_predelta-12,vector,12,data,4194304,
721,attn_norm-12,vector,12,753,node_753,weight_matrix,12,data,4194304,
753,node_753,weight_matrix,12,755,node_755,vector,12,data,32768,
755,node_755,vector,12,756,a_softplus-12,vector,12,data,32768,
756,a_softplus-12,vector,12,757,gate-12,vector,12,data,32768,
721,attn_norm-12,vector,12,759,node_759,weight_matrix,12,data,4194304,
759,node_759,weight_matrix,12,761,beta_sigmoid-12,vector,12,data,32768,
740,node_740,memory,12,763,node_763,recurrent,12,data,1048576,
745,conv_output_silu-12,vector,12,763,node_763,recurrent,12,data,4194304,
748,q_conv_predelta-12,vector,12,763,node_763,recurrent,12,data,4194304,
751,k_conv_predelta-12,vector,12,763,node_763,recurrent,12,data,4194304,
757,gate-12,vector,12,763,node_763,recurrent,12,data,32768,
761,beta_sigmoid-12,vector,12,763,node_763,recurrent,12,data,32768,
739,cache_s_l12 (reshaped) (view) (view),vector,12,766,cache_s_l12 (view) (copy of new_state-12),memory,12,state_waw,1048576,cache_s_lN
740,node_740,memory,12,766,cache_s_l12 (view) (copy of new_state-12),memory,12,state_war,1048576,cache_s_lN
763,node_763,recurrent,12,766,cache_s_l12 (view) (copy of new_state-12),memory,12,data,1048576,
763,node_763,recurrent,12,768,norm-12,vector,12,data,4194304,
768,norm-12,vector,12,769,node_769,vector,12,data,4194304,
721,attn_norm-12,vector,12,770,z-12,weight_matrix,12,data,4194304,
770,z-12,weight_matrix,12,772,node_772,vector,12,data,4194304,
769,node_769,vector,12,773,node_773,vector,12,data,4194304,
772,node_772,vector,12,773,node_773,vector,12,data,4194304,
773,node_773,vector,12,775,linear_attn_out-12,weight_matrix,12,data,4194304,
719,l_out-11,vector,11,777,attn_residual-12,vector,12,data,4194304,
775,linear_attn_out-12,weight_matrix,12,777,attn_residual-12,vector,12,data,4194304,
777,attn_residual-12,vector,12,778,norm-12,vector,12,data,4194304,
778,norm-12,vector,12,779,attn_post_norm-12,vector,12,data,4194304,
779,attn_post_norm-12,vector,12,780,ffn_gate-12,weight_matrix,12,data,4194304,
779,attn_post_norm-12,vector,12,781,ffn_up-12,weight_matrix,12,data,4194304,
780,ffn_gate-12,weight_matrix,12,782,ffn_swiglu-12,vector,12,data,12582912,
781,ffn_up-12,weight_matrix,12,782,ffn_swiglu-12,vector,12,data,12582912,
782,ffn_swiglu-12,vector,12,783,ffn_out-12,weight_matrix,12,data,12582912,
777,attn_residual-12,vector,12,784,l_out-12,vector,12,data,4194304,
783,ffn_out-12,weight_matrix,12,784,l_out-12,vector,12,data,4194304,
784,l_out-12,vector,12,785,norm-13,vector,13,data,4194304,
785,norm-13,vector,13,786,attn_norm-13,vector,13,data,4194304,
789,cache_r_l13 (reshaped) (view) (view),vector,13,790,conv_states-13,memory,13,state_raw,73728,cache_r_lN
786,attn_norm-13,vector,13,795,node_795,weight_matrix,13,data,4194304,
790,conv_states-13,memory,13,798,conv_input-13,memory,13,data,73728,
795,node_795,weight_matrix,13,798,conv_input-13,memory,13,data,12582912,
789,cache_r_l13 (reshaped) (view) (view),vector,13,801,conv_state_update-13 (copy of conv_state_last-13),memory,13,state_waw,73728,cache_r_lN
790,conv_states-13,memory,13,801,conv_state_update-13 (copy of conv_state_last-13),memory,13,state_war,73728,cache_r_lN
798,conv_input-13,memory,13,801,conv_state_update-13 (copy of conv_state_last-13),memory,13,data,73728,
804,cache_s_l13 (reshaped) (view) (view),vector,13,805,node_805,memory,13,state_raw,1048576,cache_s_lN
798,conv_input-13,memory,13,809,conv_output_raw-13,conv,13,data,12656640,
809,conv_output_raw-13,conv,13,810,conv_output_silu-13,vector,13,data,12582912,
810,conv_output_silu-13,vector,13,812,node_812,vector,13,data,4194304,
812,node_812,vector,13,813,q_conv_predelta-13,vector,13,data,4194304,
810,conv_output_silu-13,vector,13,815,node_815,vector,13,data,4194304,
815,node_815,vector,13,816,k_conv_predelta-13,vector,13,data,4194304,
786,attn_norm-13,vector,13,818,node_818,weight_matrix,13,data,4194304,
818,node_818,weight_matrix,13,820,node_820,vector,13,data,32768,
820,node_820,vector,13,821,a_softplus-13,vector,13,data,32768,
821,a_softplus-13,vector,13,822,gate-13,vector,13,data,32768,
786,attn_norm-13,vector,13,824,node_824,weight_matrix,13,data,4194304,
824,node_824,weight_matrix,13,826,beta_sigmoid-13,vector,13,data,32768,
805,node_805,memory,13,828,node_828,recurrent,13,data,1048576,
810,conv_output_silu-13,vector,13,828,node_828,recurrent,13,data,4194304,
813,q_conv_predelta-13,vector,13,828,node_828,recurrent,13,data,4194304,
816,k_conv_predelta-13,vector,13,828,node_828,recurrent,13,data,4194304,
822,gate-13,vector,13,828,node_828,recurrent,13,data,32768,
826,beta_sigmoid-13,vector,13,828,node_828,recurrent,13,data,32768,
804,cache_s_l13 (reshaped) (view) (view),vector,13,831,cache_s_l13 (view) (copy of new_state-13),memory,13,state_waw,1048576,cache_s_lN
805,node_805,memory,13,831,cache_s_l13 (view) (copy of new_state-13),memory,13,state_war,1048576,cache_s_lN
828,node_828,recurrent,13,831,cache_s_l13 (view) (copy of new_state-13),memory,13,data,1048576,
828,node_828,recurrent,13,833,norm-13,vector,13,data,4194304,
833,norm-13,vector,13,834,node_834,vector,13,data,4194304,
786,attn_norm-13,vector,13,835,z-13,weight_matrix,13,data,4194304,
835,z-13,weight_matrix,13,837,node_837,vector,13,data,4194304,
834,node_834,vector,13,838,node_838,vector,13,data,4194304,
837,node_837,vector,13,838,node_838,vector,13,data,4194304,
838,node_838,vector,13,840,linear_attn_out-13,weight_matrix,13,data,4194304,
784,l_out-12,vector,12,842,attn_residual-13,vector,13,data,4194304,
840,linear_attn_out-13,weight_matrix,13,842,attn_residual-13,vector,13,data,4194304,
842,attn_residual-13,vector,13,843,norm-13,vector,13,data,4194304,
843,norm-13,vector,13,844,attn_post_norm-13,vector,13,data,4194304,
844,attn_post_norm-13,vector,13,845,ffn_gate-13,weight_matrix,13,data,4194304,
844,attn_post_norm-13,vector,13,846,ffn_up-13,weight_matrix,13,data,4194304,
845,ffn_gate-13,weight_matrix,13,847,ffn_swiglu-13,vector,13,data,12582912,
846,ffn_up-13,weight_matrix,13,847,ffn_swiglu-13,vector,13,data,12582912,
847,ffn_swiglu-13,vector,13,848,ffn_out-13,weight_matrix,13,data,12582912,
842,attn_residual-13,vector,13,849,l_out-13,vector,13,data,4194304,
848,ffn_out-13,weight_matrix,13,849,l_out-13,vector,13,data,4194304,
849,l_out-13,vector,13,850,norm-14,vector,14,data,4194304,
850,norm-14,vector,14,851,attn_norm-14,vector,14,data,4194304,
854,cache_r_l14 (reshaped) (view) (view),vector,14,855,conv_states-14,memory,14,state_raw,73728,cache_r_lN
851,attn_norm-14,vector,14,860,node_860,weight_matrix,14,data,4194304,
855,conv_states-14,memory,14,863,conv_input-14,memory,14,data,73728,
860,node_860,weight_matrix,14,863,conv_input-14,memory,14,data,12582912,
854,cache_r_l14 (reshaped) (view) (view),vector,14,866,conv_state_update-14 (copy of conv_state_last-14),memory,14,state_waw,73728,cache_r_lN
855,conv_states-14,memory,14,866,conv_state_update-14 (copy of conv_state_last-14),memory,14,state_war,73728,cache_r_lN
863,conv_input-14,memory,14,866,conv_state_update-14 (copy of conv_state_last-14),memory,14,data,73728,
869,cache_s_l14 (reshaped) (view) (view),vector,14,870,node_870,memory,14,state_raw,1048576,cache_s_lN
863,conv_input-14,memory,14,874,conv_output_raw-14,conv,14,data,12656640,
874,conv_output_raw-14,conv,14,875,conv_output_silu-14,vector,14,data,12582912,
875,conv_output_silu-14,vector,14,877,node_877,vector,14,data,4194304,
877,node_877,vector,14,878,q_conv_predelta-14,vector,14,data,4194304,
875,conv_output_silu-14,vector,14,880,node_880,vector,14,data,4194304,
880,node_880,vector,14,881,k_conv_predelta-14,vector,14,data,4194304,
851,attn_norm-14,vector,14,883,node_883,weight_matrix,14,data,4194304,
883,node_883,weight_matrix,14,885,node_885,vector,14,data,32768,
885,node_885,vector,14,886,a_softplus-14,vector,14,data,32768,
886,a_softplus-14,vector,14,887,gate-14,vector,14,data,32768,
851,attn_norm-14,vector,14,889,node_889,weight_matrix,14,data,4194304,
889,node_889,weight_matrix,14,891,beta_sigmoid-14,vector,14,data,32768,
870,node_870,memory,14,893,node_893,recurrent,14,data,1048576,
875,conv_output_silu-14,vector,14,893,node_893,recurrent,14,data,4194304,
878,q_conv_predelta-14,vector,14,893,node_893,recurrent,14,data,4194304,
881,k_conv_predelta-14,vector,14,893,node_893,recurrent,14,data,4194304,
887,gate-14,vector,14,893,node_893,recurrent,14,data,32768,
891,beta_sigmoid-14,vector,14,893,node_893,recurrent,14,data,32768,
869,cache_s_l14 (reshaped) (view) (view),vector,14,896,cache_s_l14 (view) (copy of new_state-14),memory,14,state_waw,1048576,cache_s_lN
870,node_870,memory,14,896,cache_s_l14 (view) (copy of new_state-14),memory,14,state_war,1048576,cache_s_lN
893,node_893,recurrent,14,896,cache_s_l14 (view) (copy of new_state-14),memory,14,data,1048576,
893,node_893,recurrent,14,898,norm-14,vector,14,data,4194304,
898,norm-14,vector,14,899,node_899,vector,14,data,4194304,
851,attn_norm-14,vector,14,900,z-14,weight_matrix,14,data,4194304,
900,z-14,weight_matrix,14,902,node_902,vector,14,data,4194304,
899,node_899,vector,14,903,node_903,vector,14,data,4194304,
902,node_902,vector,14,903,node_903,vector,14,data,4194304,
903,node_903,vector,14,905,linear_attn_out-14,weight_matrix,14,data,4194304,
849,l_out-13,vector,13,907,attn_residual-14,vector,14,data,4194304,
905,linear_attn_out-14,weight_matrix,14,907,attn_residual-14,vector,14,data,4194304,
907,attn_residual-14,vector,14,908,norm-14,vector,14,data,4194304,
908,norm-14,vector,14,909,attn_post_norm-14,vector,14,data,4194304,
909,attn_post_norm-14,vector,14,910,ffn_gate-14,weight_matrix,14,data,4194304,
909,attn_post_norm-14,vector,14,911,ffn_up-14,weight_matrix,14,data,4194304,
910,ffn_gate-14,weight_matrix,14,912,ffn_swiglu-14,vector,14,data,12582912,
911,ffn_up-14,weight_matrix,14,912,ffn_swiglu-14,vector,14,data,12582912,
912,ffn_swiglu-14,vector,14,913,ffn_out-14,weight_matrix,14,data,12582912,
907,attn_residual-14,vector,14,914,l_out-14,vector,14,data,4194304,
913,ffn_out-14,weight_matrix,14,914,l_out-14,vector,14,data,4194304,
914,l_out-14,vector,14,915,norm-15,vector,15,data,4194304,
915,norm-15,vector,15,916,attn_norm-15,vector,15,data,4194304,
916,attn_norm-15,vector,15,917,Qcur_full-15,weight_matrix,15,data,4194304,
917,Qcur_full-15,weight_matrix,15,919,norm-15,vector,15,data,4194304,
919,norm-15,vector,15,920,Qcur_normed-15,vector,15,data,4194304,
920,Qcur_normed-15,vector,15,921,Qcur-15,vector,15,data,4194304,
916,attn_norm-15,vector,15,922,Vcur-15,weight_matrix,15,data,4194304,
916,attn_norm-15,vector,15,924,Kcur-15,weight_matrix,15,data,4194304,
924,Kcur-15,weight_matrix,15,926,norm-15,vector,15,data,1048576,
926,norm-15,vector,15,927,Kcur_normed-15,vector,15,data,1048576,
927,Kcur_normed-15,vector,15,928,Kcur-15,vector,15,data,1048576,
928,Kcur-15,vector,15,930,cache_k_l15 (view),memory,15,data,1048576,
922,Vcur-15,weight_matrix,15,934,cache_v_l15 (reshaped) (view),memory,15,data,1048576,
921,Qcur-15,vector,15,941,kq-15,act_matrix,15,data,4194304,
930,cache_k_l15 (view),memory,15,941,kq-15,act_matrix,15,state_raw,524288,cache_k_lN
941,kq-15,act_matrix,15,942,kq_soft_max-15,vector,15,data,8388608,
934,cache_v_l15 (reshaped) (view),memory,15,943,kqv-15,act_matrix,15,state_raw,524288,cache_v_lN
942,kq_soft_max-15,vector,15,943,kqv-15,act_matrix,15,data,8388608,
943,kqv-15,act_matrix,15,945,attn_pregate-15,memory,15,data,4194304,
917,Qcur_full-15,weight_matrix,15,947,gate_reshaped-15,memory,15,data,4194304,
947,gate_reshaped-15,memory,15,948,gate_sigmoid-15,vector,15,data,4194304,
945,attn_pregate-15,memory,15,949,attn_gated-15,vector,15,data,4194304,
948,gate_sigmoid-15,vector,15,949,attn_gated-15,vector,15,data,4194304,
949,attn_gated-15,vector,15,950,attn_output-15,weight_matrix,15,data,4194304,
914,l_out-14,vector,14,951,attn_residual-15,vector,15,data,4194304,
950,attn_output-15,weight_matrix,15,951,attn_residual-15,vector,15,data,4194304,
951,attn_residual-15,vector,15,952,norm-15,vector,15,data,4194304,
952,norm-15,vector,15,953,attn_post_norm-15,vector,15,data,4194304,
953,attn_post_norm-15,vector,15,954,ffn_gate-15,weight_matrix,15,data,4194304,
953,attn_post_norm-15,vector,15,955,ffn_up-15,weight_matrix,15,data,4194304,
954,ffn_gate-15,weight_matrix,15,956,ffn_swiglu-15,vector,15,data,12582912,
955,ffn_up-15,weight_matrix,15,956,ffn_swiglu-15,vector,15,data,12582912,
956,ffn_swiglu-15,vector,15,957,ffn_out-15,weight_matrix,15,data,12582912,
951,attn_residual-15,vector,15,958,l_out-15,vector,15,data,4194304,
957,ffn_out-15,weight_matrix,15,958,l_out-15,vector,15,data,4194304,
958,l_out-15,vector,15,959,norm-16,vector,16,data,4194304,
959,norm-16,vector,16,960,attn_norm-16,vector,16,data,4194304,
963,cache_r_l16 (reshaped) (view) (view),vector,16,964,conv_states-16,memory,16,state_raw,73728,cache_r_lN
960,attn_norm-16,vector,16,969,node_969,weight_matrix,16,data,4194304,
964,conv_states-16,memory,16,972,conv_input-16,memory,16,data,73728,
969,node_969,weight_matrix,16,972,conv_input-16,memory,16,data,12582912,
963,cache_r_l16 (reshaped) (view) (view),vector,16,975,conv_state_update-16 (copy of conv_state_last-16),memory,16,state_waw,73728,cache_r_lN
964,conv_states-16,memory,16,975,conv_state_update-16 (copy of conv_state_last-16),memory,16,state_war,73728,cache_r_lN
972,conv_input-16,memory,16,975,conv_state_update-16 (copy of conv_state_last-16),memory,16,data,73728,
978,cache_s_l16 (reshaped) (view) (view),vector,16,979,node_979,memory,16,state_raw,1048576,cache_s_lN
972,conv_input-16,memory,16,983,conv_output_raw-16,conv,16,data,12656640,
983,conv_output_raw-16,conv,16,984,conv_output_silu-16,vector,16,data,12582912,
984,conv_output_silu-16,vector,16,986,node_986,vector,16,data,4194304,
986,node_986,vector,16,987,q_conv_predelta-16,vector,16,data,4194304,
984,conv_output_silu-16,vector,16,989,node_989,vector,16,data,4194304,
989,node_989,vector,16,990,k_conv_predelta-16,vector,16,data,4194304,
960,attn_norm-16,vector,16,992,node_992,weight_matrix,16,data,4194304,
992,node_992,weight_matrix,16,994,node_994,vector,16,data,32768,
994,node_994,vector,16,995,a_softplus-16,vector,16,data,32768,
995,a_softplus-16,vector,16,996,gate-16,vector,16,data,32768,
960,attn_norm-16,vector,16,998,node_998,weight_matrix,16,data,4194304,
998,node_998,weight_matrix,16,1000,beta_sigmoid-16,vector,16,data,32768,
979,node_979,memory,16,1002,node_1002,recurrent,16,data,1048576,
984,conv_output_silu-16,vector,16,1002,node_1002,recurrent,16,data,4194304,
987,q_conv_predelta-16,vector,16,1002,node_1002,recurrent,16,data,4194304,
990,k_conv_predelta-16,vector,16,1002,node_1002,recurrent,16,data,4194304,
996,gate-16,vector,16,1002,node_1002,recurrent,16,data,32768,
1000,beta_sigmoid-16,vector,16,1002,node_1002,recurrent,16,data,32768,
978,cache_s_l16 (reshaped) (view) (view),vector,16,1005,cache_s_l16 (view) (copy of new_state-16),memory,16,state_waw,1048576,cache_s_lN
979,node_979,memory,16,1005,cache_s_l16 (view) (copy of new_state-16),memory,16,state_war,1048576,cache_s_lN
1002,node_1002,recurrent,16,1005,cache_s_l16 (view) (copy of new_state-16),memory,16,data,1048576,
1002,node_1002,recurrent,16,1007,norm-16,vector,16,data,4194304,
1007,norm-16,vector,16,1008,node_1008,vector,16,data,4194304,
960,attn_norm-16,vector,16,1009,z-16,weight_matrix,16,data,4194304,
1009,z-16,weight_matrix,16,1011,node_1011,vector,16,data,4194304,
1008,node_1008,vector,16,1012,node_1012,vector,16,data,4194304,
1011,node_1011,vector,16,1012,node_1012,vector,16,data,4194304,
1012,node_1012,vector,16,1014,linear_attn_out-16,weight_matrix,16,data,4194304,
958,l_out-15,vector,15,1016,attn_residual-16,vector,16,data,4194304,
1014,linear_attn_out-16,weight_matrix,16,1016,attn_residual-16,vector,16,data,4194304,
1016,attn_residual-16,vector,16,1017,norm-16,vector,16,data,4194304,
1017,norm-16,vector,16,1018,attn_post_norm-16,vector,16,data,4194304,
1018,attn_post_norm-16,vector,16,1019,ffn_gate-16,weight_matrix,16,data,4194304,
1018,attn_post_norm-16,vector,16,1020,ffn_up-16,weight_matrix,16,data,4194304,
1019,ffn_gate-16,weight_matrix,16,1021,ffn_swiglu-16,vector,16,data,12582912,
1020,ffn_up-16,weight_matrix,16,1021,ffn_swiglu-16,vector,16,data,12582912,
1021,ffn_swiglu-16,vector,16,1022,ffn_out-16,weight_matrix,16,data,12582912,
1016,attn_residual-16,vector,16,1023,l_out-16,vector,16,data,4194304,
1022,ffn_out-16,weight_matrix,16,1023,l_out-16,vector,16,data,4194304,
1023,l_out-16,vector,16,1024,norm-17,vector,17,data,4194304,
1024,norm-17,vector,17,1025,attn_norm-17,vector,17,data,4194304,
1028,cache_r_l17 (reshaped) (view) (view),vector,17,1029,conv_states-17,memory,17,state_raw,73728,cache_r_lN
1025,attn_norm-17,vector,17,1034,node_1034,weight_matrix,17,data,4194304,
1029,conv_states-17,memory,17,1037,conv_input-17,memory,17,data,73728,
1034,node_1034,weight_matrix,17,1037,conv_input-17,memory,17,data,12582912,
1028,cache_r_l17 (reshaped) (view) (view),vector,17,1040,conv_state_update-17 (copy of conv_state_last-17),memory,17,state_waw,73728,cache_r_lN
1029,conv_states-17,memory,17,1040,conv_state_update-17 (copy of conv_state_last-17),memory,17,state_war,73728,cache_r_lN
1037,conv_input-17,memory,17,1040,conv_state_update-17 (copy of conv_state_last-17),memory,17,data,73728,
1043,cache_s_l17 (reshaped) (view) (view),vector,17,1044,node_1044,memory,17,state_raw,1048576,cache_s_lN
1037,conv_input-17,memory,17,1048,conv_output_raw-17,conv,17,data,12656640,
1048,conv_output_raw-17,conv,17,1049,conv_output_silu-17,vector,17,data,12582912,
1049,conv_output_silu-17,vector,17,1051,node_1051,vector,17,data,4194304,
1051,node_1051,vector,17,1052,q_conv_predelta-17,vector,17,data,4194304,
1049,conv_output_silu-17,vector,17,1054,node_1054,vector,17,data,4194304,
1054,node_1054,vector,17,1055,k_conv_predelta-17,vector,17,data,4194304,
1025,attn_norm-17,vector,17,1057,node_1057,weight_matrix,17,data,4194304,
1057,node_1057,weight_matrix,17,1059,node_1059,vector,17,data,32768,
1059,node_1059,vector,17,1060,a_softplus-17,vector,17,data,32768,
1060,a_softplus-17,vector,17,1061,gate-17,vector,17,data,32768,
1025,attn_norm-17,vector,17,1063,node_1063,weight_matrix,17,data,4194304,
1063,node_1063,weight_matrix,17,1065,beta_sigmoid-17,vector,17,data,32768,
1044,node_1044,memory,17,1067,node_1067,recurrent,17,data,1048576,
1049,conv_output_silu-17,vector,17,1067,node_1067,recurrent,17,data,4194304,
1052,q_conv_predelta-17,vector,17,1067,node_1067,recurrent,17,data,4194304,
1055,k_conv_predelta-17,vector,17,1067,node_1067,recurrent,17,data,4194304,
1061,gate-17,vector,17,1067,node_1067,recurrent,17,data,32768,
1065,beta_sigmoid-17,vector,17,1067,node_1067,recurrent,17,data,32768,
1043,cache_s_l17 (reshaped) (view) (view),vector,17,1070,cache_s_l17 (view) (copy of new_state-17),memory,17,state_waw,1048576,cache_s_lN
1044,node_1044,memory,17,1070,cache_s_l17 (view) (copy of new_state-17),memory,17,state_war,1048576,cache_s_lN
1067,node_1067,recurrent,17,1070,cache_s_l17 (view) (copy of new_state-17),memory,17,data,1048576,
1067,node_1067,recurrent,17,1072,norm-17,vector,17,data,4194304,
1072,norm-17,vector,17,1073,node_1073,vector,17,data,4194304,
1025,attn_norm-17,vector,17,1074,z-17,weight_matrix,17,data,4194304,
1074,z-17,weight_matrix,17,1076,node_1076,vector,17,data,4194304,
1073,node_1073,vector,17,1077,node_1077,vector,17,data,4194304,
1076,node_1076,vector,17,1077,node_1077,vector,17,data,4194304,
1077,node_1077,vector,17,1079,linear_attn_out-17,weight_matrix,17,data,4194304,
1023,l_out-16,vector,16,1081,attn_residual-17,vector,17,data,4194304,
1079,linear_attn_out-17,weight_matrix,17,1081,attn_residual-17,vector,17,data,4194304,
1081,attn_residual-17,vector,17,1082,norm-17,vector,17,data,4194304,
1082,norm-17,vector,17,1083,attn_post_norm-17,vector,17,data,4194304,
1083,attn_post_norm-17,vector,17,1084,ffn_gate-17,weight_matrix,17,data,4194304,
1083,attn_post_norm-17,vector,17,1085,ffn_up-17,weight_matrix,17,data,4194304,
1084,ffn_gate-17,weight_matrix,17,1086,ffn_swiglu-17,vector,17,data,12582912,
1085,ffn_up-17,weight_matrix,17,1086,ffn_swiglu-17,vector,17,data,12582912,
1086,ffn_swiglu-17,vector,17,1087,ffn_out-17,weight_matrix,17,data,12582912,
1081,attn_residual-17,vector,17,1088,l_out-17,vector,17,data,4194304,
1087,ffn_out-17,weight_matrix,17,1088,l_out-17,vector,17,data,4194304,
1088,l_out-17,vector,17,1089,norm-18,vector,18,data,4194304,
1089,norm-18,vector,18,1090,attn_norm-18,vector,18,data,4194304,
1093,cache_r_l18 (reshaped) (view) (view),vector,18,1094,conv_states-18,memory,18,state_raw,73728,cache_r_lN
1090,attn_norm-18,vector,18,1099,node_1099,weight_matrix,18,data,4194304,
1094,conv_states-18,memory,18,1102,conv_input-18,memory,18,data,73728,
1099,node_1099,weight_matrix,18,1102,conv_input-18,memory,18,data,12582912,
1093,cache_r_l18 (reshaped) (view) (view),vector,18,1105,conv_state_update-18 (copy of conv_state_last-18),memory,18,state_waw,73728,cache_r_lN
1094,conv_states-18,memory,18,1105,conv_state_update-18 (copy of conv_state_last-18),memory,18,state_war,73728,cache_r_lN
1102,conv_input-18,memory,18,1105,conv_state_update-18 (copy of conv_state_last-18),memory,18,data,73728,
1108,cache_s_l18 (reshaped) (view) (view),vector,18,1109,node_1109,memory,18,state_raw,1048576,cache_s_lN
1102,conv_input-18,memory,18,1113,conv_output_raw-18,conv,18,data,12656640,
1113,conv_output_raw-18,conv,18,1114,conv_output_silu-18,vector,18,data,12582912,
1114,conv_output_silu-18,vector,18,1116,node_1116,vector,18,data,4194304,
1116,node_1116,vector,18,1117,q_conv_predelta-18,vector,18,data,4194304,
1114,conv_output_silu-18,vector,18,1119,node_1119,vector,18,data,4194304,
1119,node_1119,vector,18,1120,k_conv_predelta-18,vector,18,data,4194304,
1090,attn_norm-18,vector,18,1122,node_1122,weight_matrix,18,data,4194304,
1122,node_1122,weight_matrix,18,1124,node_1124,vector,18,data,32768,
1124,node_1124,vector,18,1125,a_softplus-18,vector,18,data,32768,
1125,a_softplus-18,vector,18,1126,gate-18,vector,18,data,32768,
1090,attn_norm-18,vector,18,1128,node_1128,weight_matrix,18,data,4194304,
1128,node_1128,weight_matrix,18,1130,beta_sigmoid-18,vector,18,data,32768,
1109,node_1109,memory,18,1132,node_1132,recurrent,18,data,1048576,
1114,conv_output_silu-18,vector,18,1132,node_1132,recurrent,18,data,4194304,
1117,q_conv_predelta-18,vector,18,1132,node_1132,recurrent,18,data,4194304,
1120,k_conv_predelta-18,vector,18,1132,node_1132,recurrent,18,data,4194304,
1126,gate-18,vector,18,1132,node_1132,recurrent,18,data,32768,
1130,beta_sigmoid-18,vector,18,1132,node_1132,recurrent,18,data,32768,
1108,cache_s_l18 (reshaped) (view) (view),vector,18,1135,cache_s_l18 (view) (copy of new_state-18),memory,18,state_waw,1048576,cache_s_lN
1109,node_1109,memory,18,1135,cache_s_l18 (view) (copy of new_state-18),memory,18,state_war,1048576,cache_s_lN
1132,node_1132,recurrent,18,1135,cache_s_l18 (view) (copy of new_state-18),memory,18,data,1048576,
1132,node_1132,recurrent,18,1137,norm-18,vector,18,data,4194304,
1137,norm-18,vector,18,1138,node_1138,vector,18,data,4194304,
1090,attn_norm-18,vector,18,1139,z-18,weight_matrix,18,data,4194304,
1139,z-18,weight_matrix,18,1141,node_1141,vector,18,data,4194304,
1138,node_1138,vector,18,1142,node_1142,vector,18,data,4194304,
1141,node_1141,vector,18,1142,node_1142,vector,18,data,4194304,
1142,node_1142,vector,18,1144,linear_attn_out-18,weight_matrix,18,data,4194304,
1088,l_out-17,vector,17,1146,attn_residual-18,vector,18,data,4194304,
1144,linear_attn_out-18,weight_matrix,18,1146,attn_residual-18,vector,18,data,4194304,
1146,attn_residual-18,vector,18,1147,norm-18,vector,18,data,4194304,
1147,norm-18,vector,18,1148,attn_post_norm-18,vector,18,data,4194304,
1148,attn_post_norm-18,vector,18,1149,ffn_gate-18,weight_matrix,18,data,4194304,
1148,attn_post_norm-18,vector,18,1150,ffn_up-18,weight_matrix,18,data,4194304,
1149,ffn_gate-18,weight_matrix,18,1151,ffn_swiglu-18,vector,18,data,12582912,
1150,ffn_up-18,weight_matrix,18,1151,ffn_swiglu-18,vector,18,data,12582912,
1151,ffn_swiglu-18,vector,18,1152,ffn_out-18,weight_matrix,18,data,12582912,
1146,attn_residual-18,vector,18,1153,l_out-18,vector,18,data,4194304,
1152,ffn_out-18,weight_matrix,18,1153,l_out-18,vector,18,data,4194304,
1153,l_out-18,vector,18,1154,norm-19,vector,19,data,4194304,
1154,norm-19,vector,19,1155,attn_norm-19,vector,19,data,4194304,
1155,attn_norm-19,vector,19,1156,Qcur_full-19,weight_matrix,19,data,4194304,
1156,Qcur_full-19,weight_matrix,19,1158,norm-19,vector,19,data,4194304,
1158,norm-19,vector,19,1159,Qcur_normed-19,vector,19,data,4194304,
1159,Qcur_normed-19,vector,19,1160,Qcur-19,vector,19,data,4194304,
1155,attn_norm-19,vector,19,1161,Vcur-19,weight_matrix,19,data,4194304,
1155,attn_norm-19,vector,19,1163,Kcur-19,weight_matrix,19,data,4194304,
1163,Kcur-19,weight_matrix,19,1165,norm-19,vector,19,data,1048576,
1165,norm-19,vector,19,1166,Kcur_normed-19,vector,19,data,1048576,
1166,Kcur_normed-19,vector,19,1167,Kcur-19,vector,19,data,1048576,
1167,Kcur-19,vector,19,1169,cache_k_l19 (view),memory,19,data,1048576,
1161,Vcur-19,weight_matrix,19,1173,cache_v_l19 (reshaped) (view),memory,19,data,1048576,
1160,Qcur-19,vector,19,1180,kq-19,act_matrix,19,data,4194304,
1169,cache_k_l19 (view),memory,19,1180,kq-19,act_matrix,19,state_raw,524288,cache_k_lN
1180,kq-19,act_matrix,19,1181,kq_soft_max-19,vector,19,data,8388608,
1173,cache_v_l19 (reshaped) (view),memory,19,1182,kqv-19,act_matrix,19,state_raw,524288,cache_v_lN
1181,kq_soft_max-19,vector,19,1182,kqv-19,act_matrix,19,data,8388608,
1182,kqv-19,act_matrix,19,1184,attn_pregate-19,memory,19,data,4194304,
1156,Qcur_full-19,weight_matrix,19,1186,gate_reshaped-19,memory,19,data,4194304,
1186,gate_reshaped-19,memory,19,1187,gate_sigmoid-19,vector,19,data,4194304,
1184,attn_pregate-19,memory,19,1188,attn_gated-19,vector,19,data,4194304,
1187,gate_sigmoid-19,vector,19,1188,attn_gated-19,vector,19,data,4194304,
1188,attn_gated-19,vector,19,1189,attn_output-19,weight_matrix,19,data,4194304,
1153,l_out-18,vector,18,1190,attn_residual-19,vector,19,data,4194304,
1189,attn_output-19,weight_matrix,19,1190,attn_residual-19,vector,19,data,4194304,
1190,attn_residual-19,vector,19,1191,norm-19,vector,19,data,4194304,
1191,norm-19,vector,19,1192,attn_post_norm-19,vector,19,data,4194304,
1192,attn_post_norm-19,vector,19,1193,ffn_gate-19,weight_matrix,19,data,4194304,
1192,attn_post_norm-19,vector,19,1194,ffn_up-19,weight_matrix,19,data,4194304,
1193,ffn_gate-19,weight_matrix,19,1195,ffn_swiglu-19,vector,19,data,12582912,
1194,ffn_up-19,weight_matrix,19,1195,ffn_swiglu-19,vector,19,data,12582912,
1195,ffn_swiglu-19,vector,19,1196,ffn_out-19,weight_matrix,19,data,12582912,
1190,attn_residual-19,vector,19,1197,l_out-19,vector,19,data,4194304,
1196,ffn_out-19,weight_matrix,19,1197,l_out-19,vector,19,data,4194304,
1197,l_out-19,vector,19,1198,norm-20,vector,20,data,4194304,
1198,norm-20,vector,20,1199,attn_norm-20,vector,20,data,4194304,
1202,cache_r_l20 (reshaped) (view) (view),vector,20,1203,conv_states-20,memory,20,state_raw,73728,cache_r_lN
1199,attn_norm-20,vector,20,1208,node_1208,weight_matrix,20,data,4194304,
1203,conv_states-20,memory,20,1211,conv_input-20,memory,20,data,73728,
1208,node_1208,weight_matrix,20,1211,conv_input-20,memory,20,data,12582912,
1202,cache_r_l20 (reshaped) (view) (view),vector,20,1214,conv_state_update-20 (copy of conv_state_last-20),memory,20,state_waw,73728,cache_r_lN
1203,conv_states-20,memory,20,1214,conv_state_update-20 (copy of conv_state_last-20),memory,20,state_war,73728,cache_r_lN
1211,conv_input-20,memory,20,1214,conv_state_update-20 (copy of conv_state_last-20),memory,20,data,73728,
1217,cache_s_l20 (reshaped) (view) (view),vector,20,1218,node_1218,memory,20,state_raw,1048576,cache_s_lN
1211,conv_input-20,memory,20,1222,conv_output_raw-20,conv,20,data,12656640,
1222,conv_output_raw-20,conv,20,1223,conv_output_silu-20,vector,20,data,12582912,
1223,conv_output_silu-20,vector,20,1225,node_1225,vector,20,data,4194304,
1225,node_1225,vector,20,1226,q_conv_predelta-20,vector,20,data,4194304,
1223,conv_output_silu-20,vector,20,1228,node_1228,vector,20,data,4194304,
1228,node_1228,vector,20,1229,k_conv_predelta-20,vector,20,data,4194304,
1199,attn_norm-20,vector,20,1231,node_1231,weight_matrix,20,data,4194304,
1231,node_1231,weight_matrix,20,1233,node_1233,vector,20,data,32768,
1233,node_1233,vector,20,1234,a_softplus-20,vector,20,data,32768,
1234,a_softplus-20,vector,20,1235,gate-20,vector,20,data,32768,
1199,attn_norm-20,vector,20,1237,node_1237,weight_matrix,20,data,4194304,
1237,node_1237,weight_matrix,20,1239,beta_sigmoid-20,vector,20,data,32768,
1218,node_1218,memory,20,1241,node_1241,recurrent,20,data,1048576,
1223,conv_output_silu-20,vector,20,1241,node_1241,recurrent,20,data,4194304,
1226,q_conv_predelta-20,vector,20,1241,node_1241,recurrent,20,data,4194304,
1229,k_conv_predelta-20,vector,20,1241,node_1241,recurrent,20,data,4194304,
1235,gate-20,vector,20,1241,node_1241,recurrent,20,data,32768,
1239,beta_sigmoid-20,vector,20,1241,node_1241,recurrent,20,data,32768,
1217,cache_s_l20 (reshaped) (view) (view),vector,20,1244,cache_s_l20 (view) (copy of new_state-20),memory,20,state_waw,1048576,cache_s_lN
1218,node_1218,memory,20,1244,cache_s_l20 (view) (copy of new_state-20),memory,20,state_war,1048576,cache_s_lN
1241,node_1241,recurrent,20,1244,cache_s_l20 (view) (copy of new_state-20),memory,20,data,1048576,
1241,node_1241,recurrent,20,1246,norm-20,vector,20,data,4194304,
1246,norm-20,vector,20,1247,node_1247,vector,20,data,4194304,
1199,attn_norm-20,vector,20,1248,z-20,weight_matrix,20,data,4194304,
1248,z-20,weight_matrix,20,1250,node_1250,vector,20,data,4194304,
1247,node_1247,vector,20,1251,node_1251,vector,20,data,4194304,
1250,node_1250,vector,20,1251,node_1251,vector,20,data,4194304,
1251,node_1251,vector,20,1253,linear_attn_out-20,weight_matrix,20,data,4194304,
1197,l_out-19,vector,19,1255,attn_residual-20,vector,20,data,4194304,
1253,linear_attn_out-20,weight_matrix,20,1255,attn_residual-20,vector,20,data,4194304,
1255,attn_residual-20,vector,20,1256,norm-20,vector,20,data,4194304,
1256,norm-20,vector,20,1257,attn_post_norm-20,vector,20,data,4194304,
1257,attn_post_norm-20,vector,20,1258,ffn_gate-20,weight_matrix,20,data,4194304,
1257,attn_post_norm-20,vector,20,1259,ffn_up-20,weight_matrix,20,data,4194304,
1258,ffn_gate-20,weight_matrix,20,1260,ffn_swiglu-20,vector,20,data,12582912,
1259,ffn_up-20,weight_matrix,20,1260,ffn_swiglu-20,vector,20,data,12582912,
1260,ffn_swiglu-20,vector,20,1261,ffn_out-20,weight_matrix,20,data,12582912,
1255,attn_residual-20,vector,20,1262,l_out-20,vector,20,data,4194304,
1261,ffn_out-20,weight_matrix,20,1262,l_out-20,vector,20,data,4194304,
1262,l_out-20,vector,20,1263,norm-21,vector,21,data,4194304,
1263,norm-21,vector,21,1264,attn_norm-21,vector,21,data,4194304,
1267,cache_r_l21 (reshaped) (view) (view),vector,21,1268,conv_states-21,memory,21,state_raw,73728,cache_r_lN
1264,attn_norm-21,vector,21,1273,node_1273,weight_matrix,21,data,4194304,
1268,conv_states-21,memory,21,1276,conv_input-21,memory,21,data,73728,
1273,node_1273,weight_matrix,21,1276,conv_input-21,memory,21,data,12582912,
1267,cache_r_l21 (reshaped) (view) (view),vector,21,1279,conv_state_update-21 (copy of conv_state_last-21),memory,21,state_waw,73728,cache_r_lN
1268,conv_states-21,memory,21,1279,conv_state_update-21 (copy of conv_state_last-21),memory,21,state_war,73728,cache_r_lN
1276,conv_input-21,memory,21,1279,conv_state_update-21 (copy of conv_state_last-21),memory,21,data,73728,
1282,cache_s_l21 (reshaped) (view) (view),vector,21,1283,node_1283,memory,21,state_raw,1048576,cache_s_lN
1276,conv_input-21,memory,21,1287,conv_output_raw-21,conv,21,data,12656640,
1287,conv_output_raw-21,conv,21,1288,conv_output_silu-21,vector,21,data,12582912,
1288,conv_output_silu-21,vector,21,1290,node_1290,vector,21,data,4194304,
1290,node_1290,vector,21,1291,q_conv_predelta-21,vector,21,data,4194304,
1288,conv_output_silu-21,vector,21,1293,node_1293,vector,21,data,4194304,
1293,node_1293,vector,21,1294,k_conv_predelta-21,vector,21,data,4194304,
1264,attn_norm-21,vector,21,1296,node_1296,weight_matrix,21,data,4194304,
1296,node_1296,weight_matrix,21,1298,node_1298,vector,21,data,32768,
1298,node_1298,vector,21,1299,a_softplus-21,vector,21,data,32768,
1299,a_softplus-21,vector,21,1300,gate-21,vector,21,data,32768,
1264,attn_norm-21,vector,21,1302,node_1302,weight_matrix,21,data,4194304,
1302,node_1302,weight_matrix,21,1304,beta_sigmoid-21,vector,21,data,32768,
1283,node_1283,memory,21,1306,node_1306,recurrent,21,data,1048576,
1288,conv_output_silu-21,vector,21,1306,node_1306,recurrent,21,data,4194304,
1291,q_conv_predelta-21,vector,21,1306,node_1306,recurrent,21,data,4194304,
1294,k_conv_predelta-21,vector,21,1306,node_1306,recurrent,21,data,4194304,
1300,gate-21,vector,21,1306,node_1306,recurrent,21,data,32768,
1304,beta_sigmoid-21,vector,21,1306,node_1306,recurrent,21,data,32768,
1282,cache_s_l21 (reshaped) (view) (view),vector,21,1309,cache_s_l21 (view) (copy of new_state-21),memory,21,state_waw,1048576,cache_s_lN
1283,node_1283,memory,21,1309,cache_s_l21 (view) (copy of new_state-21),memory,21,state_war,1048576,cache_s_lN
1306,node_1306,recurrent,21,1309,cache_s_l21 (view) (copy of new_state-21),memory,21,data,1048576,
1306,node_1306,recurrent,21,1311,norm-21,vector,21,data,4194304,
1311,norm-21,vector,21,1312,node_1312,vector,21,data,4194304,
1264,attn_norm-21,vector,21,1313,z-21,weight_matrix,21,data,4194304,
1313,z-21,weight_matrix,21,1315,node_1315,vector,21,data,4194304,
1312,node_1312,vector,21,1316,node_1316,vector,21,data,4194304,
1315,node_1315,vector,21,1316,node_1316,vector,21,data,4194304,
1316,node_1316,vector,21,1318,linear_attn_out-21,weight_matrix,21,data,4194304,
1262,l_out-20,vector,20,1320,attn_residual-21,vector,21,data,4194304,
1318,linear_attn_out-21,weight_matrix,21,1320,attn_residual-21,vector,21,data,4194304,
1320,attn_residual-21,vector,21,1321,norm-21,vector,21,data,4194304,
1321,norm-21,vector,21,1322,attn_post_norm-21,vector,21,data,4194304,
1322,attn_post_norm-21,vector,21,1323,ffn_gate-21,weight_matrix,21,data,4194304,
1322,attn_post_norm-21,vector,21,1324,ffn_up-21,weight_matrix,21,data,4194304,
1323,ffn_gate-21,weight_matrix,21,1325,ffn_swiglu-21,vector,21,data,12582912,
1324,ffn_up-21,weight_matrix,21,1325,ffn_swiglu-21,vector,21,data,12582912,
1325,ffn_swiglu-21,vector,21,1326,ffn_out-21,weight_matrix,21,data,12582912,
1320,attn_residual-21,vector,21,1327,l_out-21,vector,21,data,4194304,
1326,ffn_out-21,weight_matrix,21,1327,l_out-21,vector,21,data,4194304,
1327,l_out-21,vector,21,1328,norm-22,vector,22,data,4194304,
1328,norm-22,vector,22,1329,attn_norm-22,vector,22,data,4194304,
1332,cache_r_l22 (reshaped) (view) (view),vector,22,1333,conv_states-22,memory,22,state_raw,73728,cache_r_lN
1329,attn_norm-22,vector,22,1338,node_1338,weight_matrix,22,data,4194304,
1333,conv_states-22,memory,22,1341,conv_input-22,memory,22,data,73728,
1338,node_1338,weight_matrix,22,1341,conv_input-22,memory,22,data,12582912,
1332,cache_r_l22 (reshaped) (view) (view),vector,22,1344,conv_state_update-22 (copy of conv_state_last-22),memory,22,state_waw,73728,cache_r_lN
1333,conv_states-22,memory,22,1344,conv_state_update-22 (copy of conv_state_last-22),memory,22,state_war,73728,cache_r_lN
1341,conv_input-22,memory,22,1344,conv_state_update-22 (copy of conv_state_last-22),memory,22,data,73728,
1347,cache_s_l22 (reshaped) (view) (view),vector,22,1348,node_1348,memory,22,state_raw,1048576,cache_s_lN
1341,conv_input-22,memory,22,1352,conv_output_raw-22,conv,22,data,12656640,
1352,conv_output_raw-22,conv,22,1353,conv_output_silu-22,vector,22,data,12582912,
1353,conv_output_silu-22,vector,22,1355,node_1355,vector,22,data,4194304,
1355,node_1355,vector,22,1356,q_conv_predelta-22,vector,22,data,4194304,
1353,conv_output_silu-22,vector,22,1358,node_1358,vector,22,data,4194304,
1358,node_1358,vector,22,1359,k_conv_predelta-22,vector,22,data,4194304,
1329,attn_norm-22,vector,22,1361,node_1361,weight_matrix,22,data,4194304,
1361,node_1361,weight_matrix,22,1363,node_1363,vector,22,data,32768,
1363,node_1363,vector,22,1364,a_softplus-22,vector,22,data,32768,
1364,a_softplus-22,vector,22,1365,gate-22,vector,22,data,32768,
1329,attn_norm-22,vector,22,1367,node_1367,weight_matrix,22,data,4194304,
1367,node_1367,weight_matrix,22,1369,beta_sigmoid-22,vector,22,data,32768,
1348,node_1348,memory,22,1371,node_1371,recurrent,22,data,1048576,
1353,conv_output_silu-22,vector,22,1371,node_1371,recurrent,22,data,4194304,
1356,q_conv_predelta-22,vector,22,1371,node_1371,recurrent,22,data,4194304,
1359,k_conv_predelta-22,vector,22,1371,node_1371,recurrent,22,data,4194304,
1365,gate-22,vector,22,1371,node_1371,recurrent,22,data,32768,
1369,beta_sigmoid-22,vector,22,1371,node_1371,recurrent,22,data,32768,
1347,cache_s_l22 (reshaped) (view) (view),vector,22,1374,cache_s_l22 (view) (copy of new_state-22),memory,22,state_waw,1048576,cache_s_lN
1348,node_1348,memory,22,1374,cache_s_l22 (view) (copy of new_state-22),memory,22,state_war,1048576,cache_s_lN
1371,node_1371,recurrent,22,1374,cache_s_l22 (view) (copy of new_state-22),memory,22,data,1048576,
1371,node_1371,recurrent,22,1376,norm-22,vector,22,data,4194304,
1376,norm-22,vector,22,1377,node_1377,vector,22,data,4194304,
1329,attn_norm-22,vector,22,1378,z-22,weight_matrix,22,data,4194304,
1378,z-22,weight_matrix,22,1380,node_1380,vector,22,data,4194304,
1377,node_1377,vector,22,1381,node_1381,vector,22,data,4194304,
1380,node_1380,vector,22,1381,node_1381,vector,22,data,4194304,
1381,node_1381,vector,22,1383,linear_attn_out-22,weight_matrix,22,data,4194304,
1327,l_out-21,vector,21,1385,attn_residual-22,vector,22,data,4194304,
1383,linear_attn_out-22,weight_matrix,22,1385,attn_residual-22,vector,22,data,4194304,
1385,attn_residual-22,vector,22,1386,norm-22,vector,22,data,4194304,
1386,norm-22,vector,22,1387,attn_post_norm-22,vector,22,data,4194304,
1387,attn_post_norm-22,vector,22,1388,ffn_gate-22,weight_matrix,22,data,4194304,
1387,attn_post_norm-22,vector,22,1389,ffn_up-22,weight_matrix,22,data,4194304,
1388,ffn_gate-22,weight_matrix,22,1390,ffn_swiglu-22,vector,22,data,12582912,
1389,ffn_up-22,weight_matrix,22,1390,ffn_swiglu-22,vector,22,data,12582912,
1390,ffn_swiglu-22,vector,22,1391,ffn_out-22,weight_matrix,22,data,12582912,
1385,attn_residual-22,vector,22,1392,l_out-22,vector,22,data,4194304,
1391,ffn_out-22,weight_matrix,22,1392,l_out-22,vector,22,data,4194304,
1392,l_out-22,vector,22,1393,norm-23,vector,23,data,4194304,
1393,norm-23,vector,23,1394,attn_norm-23,vector,23,data,4194304,
1394,attn_norm-23,vector,23,1395,Qcur_full-23,weight_matrix,23,data,4194304,
1395,Qcur_full-23,weight_matrix,23,1397,norm-23,vector,23,data,4194304,
1397,norm-23,vector,23,1398,Qcur_normed-23,vector,23,data,4194304,
1398,Qcur_normed-23,vector,23,1399,Qcur-23,vector,23,data,4194304,
1394,attn_norm-23,vector,23,1400,Vcur-23,weight_matrix,23,data,4194304,
1394,attn_norm-23,vector,23,1402,Kcur-23,weight_matrix,23,data,4194304,
1402,Kcur-23,weight_matrix,23,1404,norm-23,vector,23,data,1048576,
1404,norm-23,vector,23,1405,Kcur_normed-23,vector,23,data,1048576,
1405,Kcur_normed-23,vector,23,1406,Kcur-23,vector,23,data,1048576,
1406,Kcur-23,vector,23,1408,cache_k_l23 (view),memory,23,data,1048576,
1400,Vcur-23,weight_matrix,23,1412,cache_v_l23 (reshaped) (view),memory,23,data,1048576,
1399,Qcur-23,vector,23,1419,kq-23,act_matrix,23,data,4194304,
1408,cache_k_l23 (view),memory,23,1419,kq-23,act_matrix,23,state_raw,524288,cache_k_lN
1419,kq-23,act_matrix,23,1420,kq_soft_max-23,vector,23,data,8388608,
1412,cache_v_l23 (reshaped) (view),memory,23,1421,kqv-23,act_matrix,23,state_raw,524288,cache_v_lN
1420,kq_soft_max-23,vector,23,1421,kqv-23,act_matrix,23,data,8388608,
1421,kqv-23,act_matrix,23,1423,attn_pregate-23,memory,23,data,4194304,
1395,Qcur_full-23,weight_matrix,23,1425,gate_reshaped-23,memory,23,data,4194304,
1425,gate_reshaped-23,memory,23,1426,gate_sigmoid-23,vector,23,data,4194304,
1423,attn_pregate-23,memory,23,1427,attn_gated-23,vector,23,data,4194304,
1426,gate_sigmoid-23,vector,23,1427,attn_gated-23,vector,23,data,4194304,
1427,attn_gated-23,vector,23,1428,attn_output-23,weight_matrix,23,data,4194304,
1392,l_out-22,vector,22,1429,attn_residual-23,vector,23,data,4194304,
1428,attn_output-23,weight_matrix,23,1429,attn_residual-23,vector,23,data,4194304,
1429,attn_residual-23,vector,23,1430,norm-23,vector,23,data,4194304,
1430,norm-23,vector,23,1431,attn_post_norm-23,vector,23,data,4194304,
1431,attn_post_norm-23,vector,23,1432,ffn_gate-23,weight_matrix,23,data,4194304,
1431,attn_post_norm-23,vector,23,1433,ffn_up-23,weight_matrix,23,data,4194304,
1432,ffn_gate-23,weight_matrix,23,1434,ffn_swiglu-23,vector,23,data,12582912,
1433,ffn_up-23,weight_matrix,23,1434,ffn_swiglu-23,vector,23,data,12582912,
1434,ffn_swiglu-23,vector,23,1435,ffn_out-23,weight_matrix,23,data,12582912,
1429,attn_residual-23,vector,23,1436,l_out-23,vector,23,data,4194304,
1435,ffn_out-23,weight_matrix,23,1436,l_out-23,vector,23,data,4194304,
1436,l_out-23,vector,23,1437,norm,vector,post,data,4194304,
1437,norm,vector,post,1438,h_nextn,vector,post,data,4194304,
1438,h_nextn,vector,post,1439,result_norm,memory,post,data,4194304,
1439,result_norm,memory,post,1440,result_output,weight_matrix,post,data,8192,
