layer_type,from_category,to_category,status,count_total,layers,count_per_layer,bytes_total
deltanet,conv,vector,fused,18,18,1.0,226492416
deltanet,memory,conv,remaining,18,18,1.0,227819520
deltanet,memory,recurrent,fused,18,18,1.0,18874368
deltanet,memory,vector,inter-layer,2,18,0.11,8388608
deltanet,recurrent,memory,remaining,18,18,1.0,18874368
deltanet,recurrent,vector,remaining,18,18,1.0,75497472
deltanet,vector,recurrent,fused,36,18,2.0,150994944
deltanet,vector,recurrent,remaining,54,18,3.0,76677120
deltanet,vector,weight_matrix,remaining,126,18,7.0,679477248
deltanet,weight_matrix,memory,fused,18,18,1.0,226492416
deltanet,weight_matrix,vector,fused,126,18,7.0,680656896
full_attention,act_matrix,memory,fused,6,6,1.0,25165824
full_attention,act_matrix,vector,fused,6,6,1.0,50331648
full_attention,memory,vector,fused,12,6,2.0,50331648
full_attention,vector,act_matrix,fused,12,6,2.0,75497472
full_attention,vector,memory,fused,6,6,1.0,6291456
full_attention,vector,weight_matrix,remaining,36,6,6.0,201326592
full_attention,weight_matrix,memory,fused,6,6,1.0,6291456
full_attention,weight_matrix,vector,fused,30,6,5.0,207618048
full_attention,weight_matrix,vector,remaining,6,6,1.0,25165824
output_head,memory,weight_matrix,fused,1,1,1.0,8192
output_head,vector,memory,fused,1,1,1.0,4194304
