sched_pos,tensor_id,name,op,category,layer,layer_type,shape_ggml,dtype,out_bytes,M,K,N,batch,macs,weights,state,unit,fusion_group
0,0,model.input_embed,GET_ROWS,memory,pre,embedding,2048x512,f32,4194304,,,,,0,token_embd.weight[2048x248320 bf16],,,Fpre.0
1,3,norm-0,RMS_NORM,vector,0,deltanet,2048x512,f32,4194304,,,,,0,,,,F0.0
2,4,attn_norm-0,MUL,vector,0,deltanet,2048x512,f32,4194304,,,,,0,attn_norm.weight[2048x1 f32],,,F0.0
5,9,cache_r_l0 (reshaped) (view) (view),SCALE,vector,0,deltanet,18432x1,f32,73728,,,,,0,,writes cache_r_lN,,F0.1
7,12,conv_states-0,GET_ROWS,memory,0,deltanet,18432x1,f32,73728,,,,,0,,reads cache_r_lN,,F0.2
13,18,node_13,MUL_MAT,weight_matrix,0,deltanet,6144x512,f32,12582912,6144,2048,512,1,6442450944,attn_qkv.weight[2048x6144 bf16],,P0.0,F0.2
16,22,conv_input-0,CONCAT,memory,0,deltanet,515x6144,f32,12656640,,,,,0,,,,F0.2
19,25,conv_state_update-0 (copy of conv_state_last-0),CPY,memory,0,deltanet,18432x1,f32,73728,,,,,0,,writes cache_r_lN,,F0.3
22,29,cache_s_l0 (reshaped) (view) (view),SCALE,vector,0,deltanet,262144x1,f32,1048576,,,,,0,,writes cache_s_lN,,F0.4
23,30,node_23,GET_ROWS,memory,0,deltanet,262144x1,f32,1048576,,,,,0,,reads cache_s_lN,,F0.5
27,34,conv_output_raw-0,SSM_CONV,conv,0,deltanet,6144x512,f32,12582912,,,,,12582912,ssm_conv1d.weight[4x6144 f32],,U34,F0.6
28,36,conv_output_silu-0,UNARY,vector,0,deltanet,6144x512,f32,12582912,,,,,0,,,,F0.6
30,38,node_30,RMS_NORM,vector,0,deltanet,128x16x512,f32,4194304,,,,,0,,,,F0.5
31,39,q_conv_predelta-0,SCALE,vector,0,deltanet,128x16x512,f32,4194304,,,,,0,,,,F0.5
33,41,node_33,RMS_NORM,vector,0,deltanet,128x16x512,f32,4194304,,,,,0,,,,F0.5
34,42,k_conv_predelta-0,SCALE,vector,0,deltanet,128x16x512,f32,4194304,,,,,0,,,,F0.5
36,44,node_36,MUL_MAT,weight_matrix,0,deltanet,16x512,f32,32768,16,2048,512,1,16777216,ssm_alpha.weight[2048x16 bf16],,P0.0,F0.7
38,47,node_38,ADD,vector,0,deltanet,16x512,f32,32768,,,,,0,ssm_dt.bias[16x1 f32],,,F0.7
39,49,a_softplus-0,UNARY,vector,0,deltanet,16x512,f32,32768,,,,,0,,,,F0.7
40,50,gate-0,MUL,vector,0,deltanet,16x512,f32,32768,,,,,0,ssm_a[16x1 f32],,,F0.7
42,53,node_42,MUL_MAT,weight_matrix,0,deltanet,16x512,f32,32768,16,2048,512,1,16777216,ssm_beta.weight[2048x16 bf16],,P0.0,F0.8
44,56,beta_sigmoid-0,UNARY,vector,0,deltanet,1x16x512,f32,32768,,,,,0,,,,F0.8
46,58,node_46,GATED_DELTA_NET,recurrent,0,deltanet,2048x640,f32,5242880,,,,,0,,,U58,F0.5
49,61,cache_s_l0 (view) (copy of new_state-0),CPY,memory,0,deltanet,262144x1,f32,1048576,,,,,0,,writes cache_s_lN,,F0.9
51,63,norm-0,RMS_NORM,vector,0,deltanet,128x16x512,f32,4194304,,,,,0,,,,F0.10
52,64,node_52,MUL,vector,0,deltanet,128x16x512,f32,4194304,,,,,0,ssm_norm.weight[128x1 f32],,,F0.10
53,66,z-0,MUL_MAT,weight_matrix,0,deltanet,2048x512,f32,4194304,2048,2048,512,1,2147483648,attn_gate.weight[2048x2048 bf16],,P0.0,F0.10
55,69,node_55,UNARY,vector,0,deltanet,128x16x512,f32,4194304,,,,,0,,,,F0.10
56,70,node_56,MUL,vector,0,deltanet,128x16x512,f32,4194304,,,,,0,,,,F0.10
58,72,linear_attn_out-0,MUL_MAT,weight_matrix,0,deltanet,2048x512,f32,4194304,2048,2048,512,1,2147483648,ssm_out.weight[2048x2048 bf16],,U72,F0.11
60,75,attn_residual-0,ADD,vector,0,deltanet,2048x512,f32,4194304,,,,,0,,,,F0.11
61,76,norm-0,RMS_NORM,vector,0,deltanet,2048x512,f32,4194304,,,,,0,,,,F0.12
62,77,attn_post_norm-0,MUL,vector,0,deltanet,2048x512,f32,4194304,,,,,0,post_attention_norm.weight[2048x1 f32],,,F0.12
63,79,ffn_gate-0,MUL_MAT,weight_matrix,0,deltanet,6144x512,f32,12582912,6144,2048,512,1,6442450944,ffn_gate.weight[2048x6144 bf16],,P0.1,F0.13
64,81,ffn_up-0,MUL_MAT,weight_matrix,0,deltanet,6144x512,f32,12582912,6144,2048,512,1,6442450944,ffn_up.weight[2048x6144 bf16],,P0.1,F0.13
65,83,ffn_swiglu-0,GLU,vector,0,deltanet,6144x512,f32,12582912,,,,,0,,,,F0.13
66,84,ffn_out-0,MUL_MAT,weight_matrix,0,deltanet,2048x512,f32,4194304,2048,6144,512,1,6442450944,ffn_down.weight[6144x2048 bf16],,U84,F0.14
67,86,l_out-0,ADD,vector,0,deltanet,2048x512,f32,4194304,,,,,0,,,,F0.14
68,87,norm-1,RMS_NORM,vector,1,deltanet,2048x512,f32,4194304,,,,,0,,,,F1.0
69,88,attn_norm-1,MUL,vector,1,deltanet,2048x512,f32,4194304,,,,,0,attn_norm.weight[2048x1 f32],,,F1.0
72,93,cache_r_l1 (reshaped) (view) (view),SCALE,vector,1,deltanet,18432x1,f32,73728,,,,,0,,writes cache_r_lN,,F1.1
73,94,conv_states-1,GET_ROWS,memory,1,deltanet,18432x1,f32,73728,,,,,0,,reads cache_r_lN,,F1.2
78,99,node_78,MUL_MAT,weight_matrix,1,deltanet,6144x512,f32,12582912,6144,2048,512,1,6442450944,attn_qkv.weight[2048x6144 bf16],,P1.0,F1.2
81,103,conv_input-1,CONCAT,memory,1,deltanet,515x6144,f32,12656640,,,,,0,,,,F1.2
84,106,conv_state_update-1 (copy of conv_state_last-1),CPY,memory,1,deltanet,18432x1,f32,73728,,,,,0,,writes cache_r_lN,,F1.3
87,110,cache_s_l1 (reshaped) (view) (view),SCALE,vector,1,deltanet,262144x1,f32,1048576,,,,,0,,writes cache_s_lN,,F1.4
88,111,node_88,GET_ROWS,memory,1,deltanet,262144x1,f32,1048576,,,,,0,,reads cache_s_lN,,F1.5
92,115,conv_output_raw-1,SSM_CONV,conv,1,deltanet,6144x512,f32,12582912,,,,,12582912,ssm_conv1d.weight[4x6144 f32],,U115,F1.6
93,117,conv_output_silu-1,UNARY,vector,1,deltanet,6144x512,f32,12582912,,,,,0,,,,F1.6
95,119,node_95,RMS_NORM,vector,1,deltanet,128x16x512,f32,4194304,,,,,0,,,,F1.5
96,120,q_conv_predelta-1,SCALE,vector,1,deltanet,128x16x512,f32,4194304,,,,,0,,,,F1.5
98,122,node_98,RMS_NORM,vector,1,deltanet,128x16x512,f32,4194304,,,,,0,,,,F1.5
99,123,k_conv_predelta-1,SCALE,vector,1,deltanet,128x16x512,f32,4194304,,,,,0,,,,F1.5
101,125,node_101,MUL_MAT,weight_matrix,1,deltanet,16x512,f32,32768,16,2048,512,1,16777216,ssm_alpha.weight[2048x16 bf16],,P1.0,F1.7
103,128,node_103,ADD,vector,1,deltanet,16x512,f32,32768,,,,,0,ssm_dt.bias[16x1 f32],,,F1.7
104,130,a_softplus-1,UNARY,vector,1,deltanet,16x512,f32,32768,,,,,0,,,,F1.7
105,131,gate-1,MUL,vector,1,deltanet,16x512,f32,32768,,,,,0,ssm_a[16x1 f32],,,F1.7
107,134,node_107,MUL_MAT,weight_matrix,1,deltanet,16x512,f32,32768,16,2048,512,1,16777216,ssm_beta.weight[2048x16 bf16],,P1.0,F1.8
109,137,beta_sigmoid-1,UNARY,vector,1,deltanet,1x16x512,f32,32768,,,,,0,,,,F1.8
111,139,node_111,GATED_DELTA_NET,recurrent,1,deltanet,2048x640,f32,5242880,,,,,0,,,U139,F1.5
114,142,cache_s_l1 (view) (copy of new_state-1),CPY,memory,1,deltanet,262144x1,f32,1048576,,,,,0,,writes cache_s_lN,,F1.9
116,144,norm-1,RMS_NORM,vector,1,deltanet,128x16x512,f32,4194304,,,,,0,,,,F1.10
117,145,node_117,MUL,vector,1,deltanet,128x16x512,f32,4194304,,,,,0,ssm_norm.weight[128x1 f32],,,F1.10
118,147,z-1,MUL_MAT,weight_matrix,1,deltanet,2048x512,f32,4194304,2048,2048,512,1,2147483648,attn_gate.weight[2048x2048 bf16],,P1.0,F1.10
120,150,node_120,UNARY,vector,1,deltanet,128x16x512,f32,4194304,,,,,0,,,,F1.10
121,151,node_121,MUL,vector,1,deltanet,128x16x512,f32,4194304,,,,,0,,,,F1.10
123,153,linear_attn_out-1,MUL_MAT,weight_matrix,1,deltanet,2048x512,f32,4194304,2048,2048,512,1,2147483648,ssm_out.weight[2048x2048 bf16],,U153,F1.11
125,156,attn_residual-1,ADD,vector,1,deltanet,2048x512,f32,4194304,,,,,0,,,,F1.11
126,157,norm-1,RMS_NORM,vector,1,deltanet,2048x512,f32,4194304,,,,,0,,,,F1.12
127,158,attn_post_norm-1,MUL,vector,1,deltanet,2048x512,f32,4194304,,,,,0,post_attention_norm.weight[2048x1 f32],,,F1.12
128,160,ffn_gate-1,MUL_MAT,weight_matrix,1,deltanet,6144x512,f32,12582912,6144,2048,512,1,6442450944,ffn_gate.weight[2048x6144 bf16],,P1.1,F1.13
129,162,ffn_up-1,MUL_MAT,weight_matrix,1,deltanet,6144x512,f32,12582912,6144,2048,512,1,6442450944,ffn_up.weight[2048x6144 bf16],,P1.1,F1.13
130,164,ffn_swiglu-1,GLU,vector,1,deltanet,6144x512,f32,12582912,,,,,0,,,,F1.13
131,165,ffn_out-1,MUL_MAT,weight_matrix,1,deltanet,2048x512,f32,4194304,2048,6144,512,1,6442450944,ffn_down.weight[6144x2048 bf16],,U165,F1.14
132,167,l_out-1,ADD,vector,1,deltanet,2048x512,f32,4194304,,,,,0,,,,F1.14
133,168,norm-2,RMS_NORM,vector,2,deltanet,2048x512,f32,4194304,,,,,0,,,,F2.0
134,169,attn_norm-2,MUL,vector,2,deltanet,2048x512,f32,4194304,,,,,0,attn_norm.weight[2048x1 f32],,,F2.0
137,174,cache_r_l2 (reshaped) (view) (view),SCALE,vector,2,deltanet,18432x1,f32,73728,,,,,0,,writes cache_r_lN,,F2.1
138,175,conv_states-2,GET_ROWS,memory,2,deltanet,18432x1,f32,73728,,,,,0,,reads cache_r_lN,,F2.2
143,180,node_143,MUL_MAT,weight_matrix,2,deltanet,6144x512,f32,12582912,6144,2048,512,1,6442450944,attn_qkv.weight[2048x6144 bf16],,P2.0,F2.2
146,184,conv_input-2,CONCAT,memory,2,deltanet,515x6144,f32,12656640,,,,,0,,,,F2.2
149,187,conv_state_update-2 (copy of conv_state_last-2),CPY,memory,2,deltanet,18432x1,f32,73728,,,,,0,,writes cache_r_lN,,F2.3
152,191,cache_s_l2 (reshaped) (view) (view),SCALE,vector,2,deltanet,262144x1,f32,1048576,,,,,0,,writes cache_s_lN,,F2.4
153,192,node_153,GET_ROWS,memory,2,deltanet,262144x1,f32,1048576,,,,,0,,reads cache_s_lN,,F2.5
157,196,conv_output_raw-2,SSM_CONV,conv,2,deltanet,6144x512,f32,12582912,,,,,12582912,ssm_conv1d.weight[4x6144 f32],,U196,F2.6
158,198,conv_output_silu-2,UNARY,vector,2,deltanet,6144x512,f32,12582912,,,,,0,,,,F2.6
160,200,node_160,RMS_NORM,vector,2,deltanet,128x16x512,f32,4194304,,,,,0,,,,F2.5
161,201,q_conv_predelta-2,SCALE,vector,2,deltanet,128x16x512,f32,4194304,,,,,0,,,,F2.5
163,203,node_163,RMS_NORM,vector,2,deltanet,128x16x512,f32,4194304,,,,,0,,,,F2.5
164,204,k_conv_predelta-2,SCALE,vector,2,deltanet,128x16x512,f32,4194304,,,,,0,,,,F2.5
166,206,node_166,MUL_MAT,weight_matrix,2,deltanet,16x512,f32,32768,16,2048,512,1,16777216,ssm_alpha.weight[2048x16 bf16],,P2.0,F2.7
168,209,node_168,ADD,vector,2,deltanet,16x512,f32,32768,,,,,0,ssm_dt.bias[16x1 f32],,,F2.7
169,211,a_softplus-2,UNARY,vector,2,deltanet,16x512,f32,32768,,,,,0,,,,F2.7
170,212,gate-2,MUL,vector,2,deltanet,16x512,f32,32768,,,,,0,ssm_a[16x1 f32],,,F2.7
172,215,node_172,MUL_MAT,weight_matrix,2,deltanet,16x512,f32,32768,16,2048,512,1,16777216,ssm_beta.weight[2048x16 bf16],,P2.0,F2.8
174,218,beta_sigmoid-2,UNARY,vector,2,deltanet,1x16x512,f32,32768,,,,,0,,,,F2.8
176,220,node_176,GATED_DELTA_NET,recurrent,2,deltanet,2048x640,f32,5242880,,,,,0,,,U220,F2.5
179,223,cache_s_l2 (view) (copy of new_state-2),CPY,memory,2,deltanet,262144x1,f32,1048576,,,,,0,,writes cache_s_lN,,F2.9
181,225,norm-2,RMS_NORM,vector,2,deltanet,128x16x512,f32,4194304,,,,,0,,,,F2.10
182,226,node_182,MUL,vector,2,deltanet,128x16x512,f32,4194304,,,,,0,ssm_norm.weight[128x1 f32],,,F2.10
183,228,z-2,MUL_MAT,weight_matrix,2,deltanet,2048x512,f32,4194304,2048,2048,512,1,2147483648,attn_gate.weight[2048x2048 bf16],,P2.0,F2.10
185,231,node_185,UNARY,vector,2,deltanet,128x16x512,f32,4194304,,,,,0,,,,F2.10
186,232,node_186,MUL,vector,2,deltanet,128x16x512,f32,4194304,,,,,0,,,,F2.10
188,234,linear_attn_out-2,MUL_MAT,weight_matrix,2,deltanet,2048x512,f32,4194304,2048,2048,512,1,2147483648,ssm_out.weight[2048x2048 bf16],,U234,F2.11
190,237,attn_residual-2,ADD,vector,2,deltanet,2048x512,f32,4194304,,,,,0,,,,F2.11
191,238,norm-2,RMS_NORM,vector,2,deltanet,2048x512,f32,4194304,,,,,0,,,,F2.12
192,239,attn_post_norm-2,MUL,vector,2,deltanet,2048x512,f32,4194304,,,,,0,post_attention_norm.weight[2048x1 f32],,,F2.12
193,241,ffn_gate-2,MUL_MAT,weight_matrix,2,deltanet,6144x512,f32,12582912,6144,2048,512,1,6442450944,ffn_gate.weight[2048x6144 bf16],,P2.1,F2.13
194,243,ffn_up-2,MUL_MAT,weight_matrix,2,deltanet,6144x512,f32,12582912,6144,2048,512,1,6442450944,ffn_up.weight[2048x6144 bf16],,P2.1,F2.13
195,245,ffn_swiglu-2,GLU,vector,2,deltanet,6144x512,f32,12582912,,,,,0,,,,F2.13
196,246,ffn_out-2,MUL_MAT,weight_matrix,2,deltanet,2048x512,f32,4194304,2048,6144,512,1,6442450944,ffn_down.weight[6144x2048 bf16],,U246,F2.14
197,248,l_out-2,ADD,vector,2,deltanet,2048x512,f32,4194304,,,,,0,,,,F2.14
198,249,norm-3,RMS_NORM,vector,3,full_attention,2048x512,f32,4194304,,,,,0,,,,F3.0
199,250,attn_norm-3,MUL,vector,3,full_attention,2048x512,f32,4194304,,,,,0,attn_norm.weight[2048x1 f32],,,F3.0
200,252,Qcur_full-3,MUL_MAT,weight_matrix,3,full_attention,4096x512,f32,8388608,4096,2048,512,1,4294967296,attn_q.weight[2048x4096 bf16],,P3.0,F3.1
202,255,norm-3,RMS_NORM,vector,3,full_attention,256x8x512,f32,4194304,,,,,0,,,,F3.2
203,256,Qcur_normed-3,MUL,vector,3,full_attention,256x8x512,f32,4194304,,,,,0,attn_q_norm.weight[256x1 f32],,,F3.2
204,258,Qcur-3,ROPE,vector,3,full_attention,256x8x512,f32,4194304,,,,,0,,,,F3.2
205,260,Vcur-3,MUL_MAT,weight_matrix,3,full_attention,512x512,f32,1048576,512,2048,512,1,536870912,attn_v.weight[2048x512 bf16],,P3.0,F3.3
207,263,Kcur-3,MUL_MAT,weight_matrix,3,full_attention,512x512,f32,1048576,512,2048,512,1,536870912,attn_k.weight[2048x512 bf16],,P3.0,F3.4
209,266,norm-3,RMS_NORM,vector,3,full_attention,256x2x512,f32,1048576,,,,,0,,,,F3.4
210,267,Kcur_normed-3,MUL,vector,3,full_attention,256x2x512,f32,1048576,,,,,0,attn_k_norm.weight[256x1 f32],,,F3.4
211,269,Kcur-3,ROPE,vector,3,full_attention,256x2x512,f32,1048576,,,,,0,,,,F3.4
213,271,cache_k_l3 (view),SET_ROWS,memory,3,full_attention,512x2048,f16,2097152,,,,,0,,writes cache_k_lN,,F3.4
217,278,cache_v_l3 (reshaped) (view),SET_ROWS,memory,3,full_attention,1x1048576,f16,2097152,,,,,0,,writes cache_v_lN,,F3.3
224,286,kq-3,MUL_MAT,act_matrix,3,full_attention,512x512x8,f32,8388608,512,256,512,8,536870912,,reads cache_k_lN,A3,F3.2
225,287,kq_soft_max-3,SOFT_MAX,vector,3,full_attention,512x512x8,f32,8388608,,,,,0,,,,F3.2
226,289,kqv-3,MUL_MAT,act_matrix,3,full_attention,256x512x8,f32,4194304,256,512,512,8,536870912,,reads cache_v_lN,A3,F3.2
228,291,attn_pregate-3,CONT,memory,3,full_attention,2048x512,f32,4194304,,,,,0,,,,F3.2
230,293,gate_reshaped-3,CONT,memory,3,full_attention,2048x512,f32,4194304,,,,,0,,,,F3.2
231,294,gate_sigmoid-3,UNARY,vector,3,full_attention,2048x512,f32,4194304,,,,,0,,,,F3.2
232,295,attn_gated-3,MUL,vector,3,full_attention,2048x512,f32,4194304,,,,,0,,,,F3.2
233,296,attn_output-3,MUL_MAT,weight_matrix,3,full_attention,2048x512,f32,4194304,2048,2048,512,1,2147483648,attn_output.weight[2048x2048 bf16],,U296,F3.5
234,298,attn_residual-3,ADD,vector,3,full_attention,2048x512,f32,4194304,,,,,0,,,,F3.5
235,299,norm-3,RMS_NORM,vector,3,full_attention,2048x512,f32,4194304,,,,,0,,,,F3.6
236,300,attn_post_norm-3,MUL,vector,3,full_attention,2048x512,f32,4194304,,,,,0,post_attention_norm.weight[2048x1 f32],,,F3.6
237,302,ffn_gate-3,MUL_MAT,weight_matrix,3,full_attention,6144x512,f32,12582912,6144,2048,512,1,6442450944,ffn_gate.weight[2048x6144 bf16],,P3.1,F3.7
238,304,ffn_up-3,MUL_MAT,weight_matrix,3,full_attention,6144x512,f32,12582912,6144,2048,512,1,6442450944,ffn_up.weight[2048x6144 bf16],,P3.1,F3.7
239,306,ffn_swiglu-3,GLU,vector,3,full_attention,6144x512,f32,12582912,,,,,0,,,,F3.7
240,307,ffn_out-3,MUL_MAT,weight_matrix,3,full_attention,2048x512,f32,4194304,2048,6144,512,1,6442450944,ffn_down.weight[6144x2048 bf16],,U307,F3.8
241,309,l_out-3,ADD,vector,3,full_attention,2048x512,f32,4194304,,,,,0,,,,F3.8
242,310,norm-4,RMS_NORM,vector,4,deltanet,2048x512,f32,4194304,,,,,0,,,,F4.0
243,311,attn_norm-4,MUL,vector,4,deltanet,2048x512,f32,4194304,,,,,0,attn_norm.weight[2048x1 f32],,,F4.0
246,316,cache_r_l4 (reshaped) (view) (view),SCALE,vector,4,deltanet,18432x1,f32,73728,,,,,0,,writes cache_r_lN,,F4.1
247,317,conv_states-4,GET_ROWS,memory,4,deltanet,18432x1,f32,73728,,,,,0,,reads cache_r_lN,,F4.2
252,322,node_252,MUL_MAT,weight_matrix,4,deltanet,6144x512,f32,12582912,6144,2048,512,1,6442450944,attn_qkv.weight[2048x6144 bf16],,P4.0,F4.2
255,326,conv_input-4,CONCAT,memory,4,deltanet,515x6144,f32,12656640,,,,,0,,,,F4.2
258,329,conv_state_update-4 (copy of conv_state_last-4),CPY,memory,4,deltanet,18432x1,f32,73728,,,,,0,,writes cache_r_lN,,F4.3
261,333,cache_s_l4 (reshaped) (view) (view),SCALE,vector,4,deltanet,262144x1,f32,1048576,,,,,0,,writes cache_s_lN,,F4.4
262,334,node_262,GET_ROWS,memory,4,deltanet,262144x1,f32,1048576,,,,,0,,reads cache_s_lN,,F4.5
266,338,conv_output_raw-4,SSM_CONV,conv,4,deltanet,6144x512,f32,12582912,,,,,12582912,ssm_conv1d.weight[4x6144 f32],,U338,F4.6
267,340,conv_output_silu-4,UNARY,vector,4,deltanet,6144x512,f32,12582912,,,,,0,,,,F4.6
269,342,node_269,RMS_NORM,vector,4,deltanet,128x16x512,f32,4194304,,,,,0,,,,F4.5
270,343,q_conv_predelta-4,SCALE,vector,4,deltanet,128x16x512,f32,4194304,,,,,0,,,,F4.5
272,345,node_272,RMS_NORM,vector,4,deltanet,128x16x512,f32,4194304,,,,,0,,,,F4.5
273,346,k_conv_predelta-4,SCALE,vector,4,deltanet,128x16x512,f32,4194304,,,,,0,,,,F4.5
275,348,node_275,MUL_MAT,weight_matrix,4,deltanet,16x512,f32,32768,16,2048,512,1,16777216,ssm_alpha.weight[2048x16 bf16],,P4.0,F4.7
277,351,node_277,ADD,vector,4,deltanet,16x512,f32,32768,,,,,0,ssm_dt.bias[16x1 f32],,,F4.7
278,353,a_softplus-4,UNARY,vector,4,deltanet,16x512,f32,32768,,,,,0,,,,F4.7
279,354,gate-4,MUL,vector,4,deltanet,16x512,f32,32768,,,,,0,ssm_a[16x1 f32],,,F4.7
281,357,node_281,MUL_MAT,weight_matrix,4,deltanet,16x512,f32,32768,16,2048,512,1,16777216,ssm_beta.weight[2048x16 bf16],,P4.0,F4.8
283,360,beta_sigmoid-4,UNARY,vector,4,deltanet,1x16x512,f32,32768,,,,,0,,,,F4.8
285,362,node_285,GATED_DELTA_NET,recurrent,4,deltanet,2048x640,f32,5242880,,,,,0,,,U362,F4.5
288,365,cache_s_l4 (view) (copy of new_state-4),CPY,memory,4,deltanet,262144x1,f32,1048576,,,,,0,,writes cache_s_lN,,F4.9
290,367,norm-4,RMS_NORM,vector,4,deltanet,128x16x512,f32,4194304,,,,,0,,,,F4.10
291,368,node_291,MUL,vector,4,deltanet,128x16x512,f32,4194304,,,,,0,ssm_norm.weight[128x1 f32],,,F4.10
292,370,z-4,MUL_MAT,weight_matrix,4,deltanet,2048x512,f32,4194304,2048,2048,512,1,2147483648,attn_gate.weight[2048x2048 bf16],,P4.0,F4.10
294,373,node_294,UNARY,vector,4,deltanet,128x16x512,f32,4194304,,,,,0,,,,F4.10
295,374,node_295,MUL,vector,4,deltanet,128x16x512,f32,4194304,,,,,0,,,,F4.10
297,376,linear_attn_out-4,MUL_MAT,weight_matrix,4,deltanet,2048x512,f32,4194304,2048,2048,512,1,2147483648,ssm_out.weight[2048x2048 bf16],,U376,F4.11
299,379,attn_residual-4,ADD,vector,4,deltanet,2048x512,f32,4194304,,,,,0,,,,F4.11
300,380,norm-4,RMS_NORM,vector,4,deltanet,2048x512,f32,4194304,,,,,0,,,,F4.12
301,381,attn_post_norm-4,MUL,vector,4,deltanet,2048x512,f32,4194304,,,,,0,post_attention_norm.weight[2048x1 f32],,,F4.12
302,383,ffn_gate-4,MUL_MAT,weight_matrix,4,deltanet,6144x512,f32,12582912,6144,2048,512,1,6442450944,ffn_gate.weight[2048x6144 bf16],,P4.1,F4.13
303,385,ffn_up-4,MUL_MAT,weight_matrix,4,deltanet,6144x512,f32,12582912,6144,2048,512,1,6442450944,ffn_up.weight[2048x6144 bf16],,P4.1,F4.13
304,387,ffn_swiglu-4,GLU,vector,4,deltanet,6144x512,f32,12582912,,,,,0,,,,F4.13
305,388,ffn_out-4,MUL_MAT,weight_matrix,4,deltanet,2048x512,f32,4194304,2048,6144,512,1,6442450944,ffn_down.weight[6144x2048 bf16],,U388,F4.14
306,390,l_out-4,ADD,vector,4,deltanet,2048x512,f32,4194304,,,,,0,,,,F4.14
307,391,norm-5,RMS_NORM,vector,5,deltanet,2048x512,f32,4194304,,,,,0,,,,F5.0
308,392,attn_norm-5,MUL,vector,5,deltanet,2048x512,f32,4194304,,,,,0,attn_norm.weight[2048x1 f32],,,F5.0
311,397,cache_r_l5 (reshaped) (view) (view),SCALE,vector,5,deltanet,18432x1,f32,73728,,,,,0,,writes cache_r_lN,,F5.1
312,398,conv_states-5,GET_ROWS,memory,5,deltanet,18432x1,f32,73728,,,,,0,,reads cache_r_lN,,F5.2
317,403,node_317,MUL_MAT,weight_matrix,5,deltanet,6144x512,f32,12582912,6144,2048,512,1,6442450944,attn_qkv.weight[2048x6144 bf16],,P5.0,F5.2
320,407,conv_input-5,CONCAT,memory,5,deltanet,515x6144,f32,12656640,,,,,0,,,,F5.2
323,410,conv_state_update-5 (copy of conv_state_last-5),CPY,memory,5,deltanet,18432x1,f32,73728,,,,,0,,writes cache_r_lN,,F5.3
326,414,cache_s_l5 (reshaped) (view) (view),SCALE,vector,5,deltanet,262144x1,f32,1048576,,,,,0,,writes cache_s_lN,,F5.4
327,415,node_327,GET_ROWS,memory,5,deltanet,262144x1,f32,1048576,,,,,0,,reads cache_s_lN,,F5.5
331,419,conv_output_raw-5,SSM_CONV,conv,5,deltanet,6144x512,f32,12582912,,,,,12582912,ssm_conv1d.weight[4x6144 f32],,U419,F5.6
332,421,conv_output_silu-5,UNARY,vector,5,deltanet,6144x512,f32,12582912,,,,,0,,,,F5.6
334,423,node_334,RMS_NORM,vector,5,deltanet,128x16x512,f32,4194304,,,,,0,,,,F5.5
335,424,q_conv_predelta-5,SCALE,vector,5,deltanet,128x16x512,f32,4194304,,,,,0,,,,F5.5
337,426,node_337,RMS_NORM,vector,5,deltanet,128x16x512,f32,4194304,,,,,0,,,,F5.5
338,427,k_conv_predelta-5,SCALE,vector,5,deltanet,128x16x512,f32,4194304,,,,,0,,,,F5.5
340,429,node_340,MUL_MAT,weight_matrix,5,deltanet,16x512,f32,32768,16,2048,512,1,16777216,ssm_alpha.weight[2048x16 bf16],,P5.0,F5.7
342,432,node_342,ADD,vector,5,deltanet,16x512,f32,32768,,,,,0,ssm_dt.bias[16x1 f32],,,F5.7
343,434,a_softplus-5,UNARY,vector,5,deltanet,16x512,f32,32768,,,,,0,,,,F5.7
344,435,gate-5,MUL,vector,5,deltanet,16x512,f32,32768,,,,,0,ssm_a[16x1 f32],,,F5.7
346,438,node_346,MUL_MAT,weight_matrix,5,deltanet,16x512,f32,32768,16,2048,512,1,16777216,ssm_beta.weight[2048x16 bf16],,P5.0,F5.8
348,441,beta_sigmoid-5,UNARY,vector,5,deltanet,1x16x512,f32,32768,,,,,0,,,,F5.8
350,443,node_350,GATED_DELTA_NET,recurrent,5,deltanet,2048x640,f32,5242880,,,,,0,,,U443,F5.5
353,446,cache_s_l5 (view) (copy of new_state-5),CPY,memory,5,deltanet,262144x1,f32,1048576,,,,,0,,writes cache_s_lN,,F5.9
355,448,norm-5,RMS_NORM,vector,5,deltanet,128x16x512,f32,4194304,,,,,0,,,,F5.10
356,449,node_356,MUL,vector,5,deltanet,128x16x512,f32,4194304,,,,,0,ssm_norm.weight[128x1 f32],,,F5.10
357,451,z-5,MUL_MAT,weight_matrix,5,deltanet,2048x512,f32,4194304,2048,2048,512,1,2147483648,attn_gate.weight[2048x2048 bf16],,P5.0,F5.10
359,454,node_359,UNARY,vector,5,deltanet,128x16x512,f32,4194304,,,,,0,,,,F5.10
360,455,node_360,MUL,vector,5,deltanet,128x16x512,f32,4194304,,,,,0,,,,F5.10
362,457,linear_attn_out-5,MUL_MAT,weight_matrix,5,deltanet,2048x512,f32,4194304,2048,2048,512,1,2147483648,ssm_out.weight[2048x2048 bf16],,U457,F5.11
364,460,attn_residual-5,ADD,vector,5,deltanet,2048x512,f32,4194304,,,,,0,,,,F5.11
365,461,norm-5,RMS_NORM,vector,5,deltanet,2048x512,f32,4194304,,,,,0,,,,F5.12
366,462,attn_post_norm-5,MUL,vector,5,deltanet,2048x512,f32,4194304,,,,,0,post_attention_norm.weight[2048x1 f32],,,F5.12
367,464,ffn_gate-5,MUL_MAT,weight_matrix,5,deltanet,6144x512,f32,12582912,6144,2048,512,1,6442450944,ffn_gate.weight[2048x6144 bf16],,P5.1,F5.13
368,466,ffn_up-5,MUL_MAT,weight_matrix,5,deltanet,6144x512,f32,12582912,6144,2048,512,1,6442450944,ffn_up.weight[2048x6144 bf16],,P5.1,F5.13
369,468,ffn_swiglu-5,GLU,vector,5,deltanet,6144x512,f32,12582912,,,,,0,,,,F5.13
370,469,ffn_out-5,MUL_MAT,weight_matrix,5,deltanet,2048x512,f32,4194304,2048,6144,512,1,6442450944,ffn_down.weight[6144x2048 bf16],,U469,F5.14
371,471,l_out-5,ADD,vector,5,deltanet,2048x512,f32,4194304,,,,,0,,,,F5.14
372,472,norm-6,RMS_NORM,vector,6,deltanet,2048x512,f32,4194304,,,,,0,,,,F6.0
373,473,attn_norm-6,MUL,vector,6,deltanet,2048x512,f32,4194304,,,,,0,attn_norm.weight[2048x1 f32],,,F6.0
376,478,cache_r_l6 (reshaped) (view) (view),SCALE,vector,6,deltanet,18432x1,f32,73728,,,,,0,,writes cache_r_lN,,F6.1
377,479,conv_states-6,GET_ROWS,memory,6,deltanet,18432x1,f32,73728,,,,,0,,reads cache_r_lN,,F6.2
382,484,node_382,MUL_MAT,weight_matrix,6,deltanet,6144x512,f32,12582912,6144,2048,512,1,6442450944,attn_qkv.weight[2048x6144 bf16],,P6.0,F6.2
385,488,conv_input-6,CONCAT,memory,6,deltanet,515x6144,f32,12656640,,,,,0,,,,F6.2
388,491,conv_state_update-6 (copy of conv_state_last-6),CPY,memory,6,deltanet,18432x1,f32,73728,,,,,0,,writes cache_r_lN,,F6.3
391,495,cache_s_l6 (reshaped) (view) (view),SCALE,vector,6,deltanet,262144x1,f32,1048576,,,,,0,,writes cache_s_lN,,F6.4
392,496,node_392,GET_ROWS,memory,6,deltanet,262144x1,f32,1048576,,,,,0,,reads cache_s_lN,,F6.5
396,500,conv_output_raw-6,SSM_CONV,conv,6,deltanet,6144x512,f32,12582912,,,,,12582912,ssm_conv1d.weight[4x6144 f32],,U500,F6.6
397,502,conv_output_silu-6,UNARY,vector,6,deltanet,6144x512,f32,12582912,,,,,0,,,,F6.6
399,504,node_399,RMS_NORM,vector,6,deltanet,128x16x512,f32,4194304,,,,,0,,,,F6.5
400,505,q_conv_predelta-6,SCALE,vector,6,deltanet,128x16x512,f32,4194304,,,,,0,,,,F6.5
402,507,node_402,RMS_NORM,vector,6,deltanet,128x16x512,f32,4194304,,,,,0,,,,F6.5
403,508,k_conv_predelta-6,SCALE,vector,6,deltanet,128x16x512,f32,4194304,,,,,0,,,,F6.5
405,510,node_405,MUL_MAT,weight_matrix,6,deltanet,16x512,f32,32768,16,2048,512,1,16777216,ssm_alpha.weight[2048x16 bf16],,P6.0,F6.7
407,513,node_407,ADD,vector,6,deltanet,16x512,f32,32768,,,,,0,ssm_dt.bias[16x1 f32],,,F6.7
408,515,a_softplus-6,UNARY,vector,6,deltanet,16x512,f32,32768,,,,,0,,,,F6.7
409,516,gate-6,MUL,vector,6,deltanet,16x512,f32,32768,,,,,0,ssm_a[16x1 f32],,,F6.7
411,519,node_411,MUL_MAT,weight_matrix,6,deltanet,16x512,f32,32768,16,2048,512,1,16777216,ssm_beta.weight[2048x16 bf16],,P6.0,F6.8
413,522,beta_sigmoid-6,UNARY,vector,6,deltanet,1x16x512,f32,32768,,,,,0,,,,F6.8
415,524,node_415,GATED_DELTA_NET,recurrent,6,deltanet,2048x640,f32,5242880,,,,,0,,,U524,F6.5
418,527,cache_s_l6 (view) (copy of new_state-6),CPY,memory,6,deltanet,262144x1,f32,1048576,,,,,0,,writes cache_s_lN,,F6.9
420,529,norm-6,RMS_NORM,vector,6,deltanet,128x16x512,f32,4194304,,,,,0,,,,F6.10
421,530,node_421,MUL,vector,6,deltanet,128x16x512,f32,4194304,,,,,0,ssm_norm.weight[128x1 f32],,,F6.10
422,532,z-6,MUL_MAT,weight_matrix,6,deltanet,2048x512,f32,4194304,2048,2048,512,1,2147483648,attn_gate.weight[2048x2048 bf16],,P6.0,F6.10
424,535,node_424,UNARY,vector,6,deltanet,128x16x512,f32,4194304,,,,,0,,,,F6.10
425,536,node_425,MUL,vector,6,deltanet,128x16x512,f32,4194304,,,,,0,,,,F6.10
427,538,linear_attn_out-6,MUL_MAT,weight_matrix,6,deltanet,2048x512,f32,4194304,2048,2048,512,1,2147483648,ssm_out.weight[2048x2048 bf16],,U538,F6.11
429,541,attn_residual-6,ADD,vector,6,deltanet,2048x512,f32,4194304,,,,,0,,,,F6.11
430,542,norm-6,RMS_NORM,vector,6,deltanet,2048x512,f32,4194304,,,,,0,,,,F6.12
431,543,attn_post_norm-6,MUL,vector,6,deltanet,2048x512,f32,4194304,,,,,0,post_attention_norm.weight[2048x1 f32],,,F6.12
432,545,ffn_gate-6,MUL_MAT,weight_matrix,6,deltanet,6144x512,f32,12582912,6144,2048,512,1,6442450944,ffn_gate.weight[2048x6144 bf16],,P6.1,F6.13
433,547,ffn_up-6,MUL_MAT,weight_matrix,6,deltanet,6144x512,f32,12582912,6144,2048,512,1,6442450944,ffn_up.weight[2048x6144 bf16],,P6.1,F6.13
434,549,ffn_swiglu-6,GLU,vector,6,deltanet,6144x512,f32,12582912,,,,,0,,,,F6.13
435,550,ffn_out-6,MUL_MAT,weight_matrix,6,deltanet,2048x512,f32,4194304,2048,6144,512,1,6442450944,ffn_down.weight[6144x2048 bf16],,U550,F6.14
436,552,l_out-6,ADD,vector,6,deltanet,2048x512,f32,4194304,,,,,0,,,,F6.14
437,553,norm-7,RMS_NORM,vector,7,full_attention,2048x512,f32,4194304,,,,,0,,,,F7.0
438,554,attn_norm-7,MUL,vector,7,full_attention,2048x512,f32,4194304,,,,,0,attn_norm.weight[2048x1 f32],,,F7.0
439,556,Qcur_full-7,MUL_MAT,weight_matrix,7,full_attention,4096x512,f32,8388608,4096,2048,512,1,4294967296,attn_q.weight[2048x4096 bf16],,P7.0,F7.1
441,559,norm-7,RMS_NORM,vector,7,full_attention,256x8x512,f32,4194304,,,,,0,,,,F7.2
442,560,Qcur_normed-7,MUL,vector,7,full_attention,256x8x512,f32,4194304,,,,,0,attn_q_norm.weight[256x1 f32],,,F7.2
443,562,Qcur-7,ROPE,vector,7,full_attention,256x8x512,f32,4194304,,,,,0,,,,F7.2
444,563,Vcur-7,MUL_MAT,weight_matrix,7,full_attention,512x512,f32,1048576,512,2048,512,1,536870912,attn_v.weight[2048x512 bf16],,P7.0,F7.3
446,566,Kcur-7,MUL_MAT,weight_matrix,7,full_attention,512x512,f32,1048576,512,2048,512,1,536870912,attn_k.weight[2048x512 bf16],,P7.0,F7.4
448,569,norm-7,RMS_NORM,vector,7,full_attention,256x2x512,f32,1048576,,,,,0,,,,F7.4
449,570,Kcur_normed-7,MUL,vector,7,full_attention,256x2x512,f32,1048576,,,,,0,attn_k_norm.weight[256x1 f32],,,F7.4
450,572,Kcur-7,ROPE,vector,7,full_attention,256x2x512,f32,1048576,,,,,0,,,,F7.4
452,574,cache_k_l7 (view),SET_ROWS,memory,7,full_attention,512x2048,f16,2097152,,,,,0,,writes cache_k_lN,,F7.4
456,580,cache_v_l7 (reshaped) (view),SET_ROWS,memory,7,full_attention,1x1048576,f16,2097152,,,,,0,,writes cache_v_lN,,F7.3
463,587,kq-7,MUL_MAT,act_matrix,7,full_attention,512x512x8,f32,8388608,512,256,512,8,536870912,,reads cache_k_lN,A7,F7.2
464,588,kq_soft_max-7,SOFT_MAX,vector,7,full_attention,512x512x8,f32,8388608,,,,,0,,,,F7.2
465,589,kqv-7,MUL_MAT,act_matrix,7,full_attention,256x512x8,f32,4194304,256,512,512,8,536870912,,reads cache_v_lN,A7,F7.2
467,591,attn_pregate-7,CONT,memory,7,full_attention,2048x512,f32,4194304,,,,,0,,,,F7.2
469,593,gate_reshaped-7,CONT,memory,7,full_attention,2048x512,f32,4194304,,,,,0,,,,F7.2
470,594,gate_sigmoid-7,UNARY,vector,7,full_attention,2048x512,f32,4194304,,,,,0,,,,F7.2
471,595,attn_gated-7,MUL,vector,7,full_attention,2048x512,f32,4194304,,,,,0,,,,F7.2
472,596,attn_output-7,MUL_MAT,weight_matrix,7,full_attention,2048x512,f32,4194304,2048,2048,512,1,2147483648,attn_output.weight[2048x2048 bf16],,U596,F7.5
473,598,attn_residual-7,ADD,vector,7,full_attention,2048x512,f32,4194304,,,,,0,,,,F7.5
474,599,norm-7,RMS_NORM,vector,7,full_attention,2048x512,f32,4194304,,,,,0,,,,F7.6
475,600,attn_post_norm-7,MUL,vector,7,full_attention,2048x512,f32,4194304,,,,,0,post_attention_norm.weight[2048x1 f32],,,F7.6
476,602,ffn_gate-7,MUL_MAT,weight_matrix,7,full_attention,6144x512,f32,12582912,6144,2048,512,1,6442450944,ffn_gate.weight[2048x6144 bf16],,P7.1,F7.7
477,604,ffn_up-7,MUL_MAT,weight_matrix,7,full_attention,6144x512,f32,12582912,6144,2048,512,1,6442450944,ffn_up.weight[2048x6144 bf16],,P7.1,F7.7
478,606,ffn_swiglu-7,GLU,vector,7,full_attention,6144x512,f32,12582912,,,,,0,,,,F7.7
479,607,ffn_out-7,MUL_MAT,weight_matrix,7,full_attention,2048x512,f32,4194304,2048,6144,512,1,6442450944,ffn_down.weight[6144x2048 bf16],,U607,F7.8
480,609,l_out-7,ADD,vector,7,full_attention,2048x512,f32,4194304,,,,,0,,,,F7.8
481,610,norm-8,RMS_NORM,vector,8,deltanet,2048x512,f32,4194304,,,,,0,,,,F8.0
482,611,attn_norm-8,MUL,vector,8,deltanet,2048x512,f32,4194304,,,,,0,attn_norm.weight[2048x1 f32],,,F8.0
485,616,cache_r_l8 (reshaped) (view) (view),SCALE,vector,8,deltanet,18432x1,f32,73728,,,,,0,,writes cache_r_lN,,F8.1
486,617,conv_states-8,GET_ROWS,memory,8,deltanet,18432x1,f32,73728,,,,,0,,reads cache_r_lN,,F8.2
491,622,node_491,MUL_MAT,weight_matrix,8,deltanet,6144x512,f32,12582912,6144,2048,512,1,6442450944,attn_qkv.weight[2048x6144 bf16],,P8.0,F8.2
494,626,conv_input-8,CONCAT,memory,8,deltanet,515x6144,f32,12656640,,,,,0,,,,F8.2
497,629,conv_state_update-8 (copy of conv_state_last-8),CPY,memory,8,deltanet,18432x1,f32,73728,,,,,0,,writes cache_r_lN,,F8.3
500,633,cache_s_l8 (reshaped) (view) (view),SCALE,vector,8,deltanet,262144x1,f32,1048576,,,,,0,,writes cache_s_lN,,F8.4
501,634,node_501,GET_ROWS,memory,8,deltanet,262144x1,f32,1048576,,,,,0,,reads cache_s_lN,,F8.5
505,638,conv_output_raw-8,SSM_CONV,conv,8,deltanet,6144x512,f32,12582912,,,,,12582912,ssm_conv1d.weight[4x6144 f32],,U638,F8.6
506,640,conv_output_silu-8,UNARY,vector,8,deltanet,6144x512,f32,12582912,,,,,0,,,,F8.6
508,642,node_508,RMS_NORM,vector,8,deltanet,128x16x512,f32,4194304,,,,,0,,,,F8.5
509,643,q_conv_predelta-8,SCALE,vector,8,deltanet,128x16x512,f32,4194304,,,,,0,,,,F8.5
511,645,node_511,RMS_NORM,vector,8,deltanet,128x16x512,f32,4194304,,,,,0,,,,F8.5
512,646,k_conv_predelta-8,SCALE,vector,8,deltanet,128x16x512,f32,4194304,,,,,0,,,,F8.5
514,648,node_514,MUL_MAT,weight_matrix,8,deltanet,16x512,f32,32768,16,2048,512,1,16777216,ssm_alpha.weight[2048x16 bf16],,P8.0,F8.7
516,651,node_516,ADD,vector,8,deltanet,16x512,f32,32768,,,,,0,ssm_dt.bias[16x1 f32],,,F8.7
517,653,a_softplus-8,UNARY,vector,8,deltanet,16x512,f32,32768,,,,,0,,,,F8.7
518,654,gate-8,MUL,vector,8,deltanet,16x512,f32,32768,,,,,0,ssm_a[16x1 f32],,,F8.7
520,657,node_520,MUL_MAT,weight_matrix,8,deltanet,16x512,f32,32768,16,2048,512,1,16777216,ssm_beta.weight[2048x16 bf16],,P8.0,F8.8
522,660,beta_sigmoid-8,UNARY,vector,8,deltanet,1x16x512,f32,32768,,,,,0,,,,F8.8
524,662,node_524,GATED_DELTA_NET,recurrent,8,deltanet,2048x640,f32,5242880,,,,,0,,,U662,F8.5
527,665,cache_s_l8 (view) (copy of new_state-8),CPY,memory,8,deltanet,262144x1,f32,1048576,,,,,0,,writes cache_s_lN,,F8.9
529,667,norm-8,RMS_NORM,vector,8,deltanet,128x16x512,f32,4194304,,,,,0,,,,F8.10
530,668,node_530,MUL,vector,8,deltanet,128x16x512,f32,4194304,,,,,0,ssm_norm.weight[128x1 f32],,,F8.10
531,670,z-8,MUL_MAT,weight_matrix,8,deltanet,2048x512,f32,4194304,2048,2048,512,1,2147483648,attn_gate.weight[2048x2048 bf16],,P8.0,F8.10
533,673,node_533,UNARY,vector,8,deltanet,128x16x512,f32,4194304,,,,,0,,,,F8.10
534,674,node_534,MUL,vector,8,deltanet,128x16x512,f32,4194304,,,,,0,,,,F8.10
536,676,linear_attn_out-8,MUL_MAT,weight_matrix,8,deltanet,2048x512,f32,4194304,2048,2048,512,1,2147483648,ssm_out.weight[2048x2048 bf16],,U676,F8.11
538,679,attn_residual-8,ADD,vector,8,deltanet,2048x512,f32,4194304,,,,,0,,,,F8.11
539,680,norm-8,RMS_NORM,vector,8,deltanet,2048x512,f32,4194304,,,,,0,,,,F8.12
540,681,attn_post_norm-8,MUL,vector,8,deltanet,2048x512,f32,4194304,,,,,0,post_attention_norm.weight[2048x1 f32],,,F8.12
541,683,ffn_gate-8,MUL_MAT,weight_matrix,8,deltanet,6144x512,f32,12582912,6144,2048,512,1,6442450944,ffn_gate.weight[2048x6144 bf16],,P8.1,F8.13
542,685,ffn_up-8,MUL_MAT,weight_matrix,8,deltanet,6144x512,f32,12582912,6144,2048,512,1,6442450944,ffn_up.weight[2048x6144 bf16],,P8.1,F8.13
543,687,ffn_swiglu-8,GLU,vector,8,deltanet,6144x512,f32,12582912,,,,,0,,,,F8.13
544,688,ffn_out-8,MUL_MAT,weight_matrix,8,deltanet,2048x512,f32,4194304,2048,6144,512,1,6442450944,ffn_down.weight[6144x2048 bf16],,U688,F8.14
545,690,l_out-8,ADD,vector,8,deltanet,2048x512,f32,4194304,,,,,0,,,,F8.14
546,691,norm-9,RMS_NORM,vector,9,deltanet,2048x512,f32,4194304,,,,,0,,,,F9.0
547,692,attn_norm-9,MUL,vector,9,deltanet,2048x512,f32,4194304,,,,,0,attn_norm.weight[2048x1 f32],,,F9.0
550,697,cache_r_l9 (reshaped) (view) (view),SCALE,vector,9,deltanet,18432x1,f32,73728,,,,,0,,writes cache_r_lN,,F9.1
551,698,conv_states-9,GET_ROWS,memory,9,deltanet,18432x1,f32,73728,,,,,0,,reads cache_r_lN,,F9.2
556,703,node_556,MUL_MAT,weight_matrix,9,deltanet,6144x512,f32,12582912,6144,2048,512,1,6442450944,attn_qkv.weight[2048x6144 bf16],,P9.0,F9.2
559,707,conv_input-9,CONCAT,memory,9,deltanet,515x6144,f32,12656640,,,,,0,,,,F9.2
562,710,conv_state_update-9 (copy of conv_state_last-9),CPY,memory,9,deltanet,18432x1,f32,73728,,,,,0,,writes cache_r_lN,,F9.3
565,714,cache_s_l9 (reshaped) (view) (view),SCALE,vector,9,deltanet,262144x1,f32,1048576,,,,,0,,writes cache_s_lN,,F9.4
566,715,node_566,GET_ROWS,memory,9,deltanet,262144x1,f32,1048576,,,,,0,,reads cache_s_lN,,F9.5
570,719,conv_output_raw-9,SSM_CONV,conv,9,deltanet,6144x512,f32,12582912,,,,,12582912,ssm_conv1d.weight[4x6144 f32],,U719,F9.6
571,721,conv_output_silu-9,UNARY,vector,9,deltanet,6144x512,f32,12582912,,,,,0,,,,F9.6
573,723,node_573,RMS_NORM,vector,9,deltanet,128x16x512,f32,4194304,,,,,0,,,,F9.5
574,724,q_conv_predelta-9,SCALE,vector,9,deltanet,128x16x512,f32,4194304,,,,,0,,,,F9.5
576,726,node_576,RMS_NORM,vector,9,deltanet,128x16x512,f32,4194304,,,,,0,,,,F9.5
577,727,k_conv_predelta-9,SCALE,vector,9,deltanet,128x16x512,f32,4194304,,,,,0,,,,F9.5
579,729,node_579,MUL_MAT,weight_matrix,9,deltanet,16x512,f32,32768,16,2048,512,1,16777216,ssm_alpha.weight[2048x16 bf16],,P9.0,F9.7
581,732,node_581,ADD,vector,9,deltanet,16x512,f32,32768,,,,,0,ssm_dt.bias[16x1 f32],,,F9.7
582,734,a_softplus-9,UNARY,vector,9,deltanet,16x512,f32,32768,,,,,0,,,,F9.7
583,735,gate-9,MUL,vector,9,deltanet,16x512,f32,32768,,,,,0,ssm_a[16x1 f32],,,F9.7
585,738,node_585,MUL_MAT,weight_matrix,9,deltanet,16x512,f32,32768,16,2048,512,1,16777216,ssm_beta.weight[2048x16 bf16],,P9.0,F9.8
587,741,beta_sigmoid-9,UNARY,vector,9,deltanet,1x16x512,f32,32768,,,,,0,,,,F9.8
589,743,node_589,GATED_DELTA_NET,recurrent,9,deltanet,2048x640,f32,5242880,,,,,0,,,U743,F9.5
592,746,cache_s_l9 (view) (copy of new_state-9),CPY,memory,9,deltanet,262144x1,f32,1048576,,,,,0,,writes cache_s_lN,,F9.9
594,748,norm-9,RMS_NORM,vector,9,deltanet,128x16x512,f32,4194304,,,,,0,,,,F9.10
595,749,node_595,MUL,vector,9,deltanet,128x16x512,f32,4194304,,,,,0,ssm_norm.weight[128x1 f32],,,F9.10
596,751,z-9,MUL_MAT,weight_matrix,9,deltanet,2048x512,f32,4194304,2048,2048,512,1,2147483648,attn_gate.weight[2048x2048 bf16],,P9.0,F9.10
598,754,node_598,UNARY,vector,9,deltanet,128x16x512,f32,4194304,,,,,0,,,,F9.10
599,755,node_599,MUL,vector,9,deltanet,128x16x512,f32,4194304,,,,,0,,,,F9.10
601,757,linear_attn_out-9,MUL_MAT,weight_matrix,9,deltanet,2048x512,f32,4194304,2048,2048,512,1,2147483648,ssm_out.weight[2048x2048 bf16],,U757,F9.11
603,760,attn_residual-9,ADD,vector,9,deltanet,2048x512,f32,4194304,,,,,0,,,,F9.11
604,761,norm-9,RMS_NORM,vector,9,deltanet,2048x512,f32,4194304,,,,,0,,,,F9.12
605,762,attn_post_norm-9,MUL,vector,9,deltanet,2048x512,f32,4194304,,,,,0,post_attention_norm.weight[2048x1 f32],,,F9.12
606,764,ffn_gate-9,MUL_MAT,weight_matrix,9,deltanet,6144x512,f32,12582912,6144,2048,512,1,6442450944,ffn_gate.weight[2048x6144 bf16],,P9.1,F9.13
607,766,ffn_up-9,MUL_MAT,weight_matrix,9,deltanet,6144x512,f32,12582912,6144,2048,512,1,6442450944,ffn_up.weight[2048x6144 bf16],,P9.1,F9.13
608,768,ffn_swiglu-9,GLU,vector,9,deltanet,6144x512,f32,12582912,,,,,0,,,,F9.13
609,769,ffn_out-9,MUL_MAT,weight_matrix,9,deltanet,2048x512,f32,4194304,2048,6144,512,1,6442450944,ffn_down.weight[6144x2048 bf16],,U769,F9.14
610,771,l_out-9,ADD,vector,9,deltanet,2048x512,f32,4194304,,,,,0,,,,F9.14
611,772,norm-10,RMS_NORM,vector,10,deltanet,2048x512,f32,4194304,,,,,0,,,,F10.0
612,773,attn_norm-10,MUL,vector,10,deltanet,2048x512,f32,4194304,,,,,0,attn_norm.weight[2048x1 f32],,,F10.0
615,778,cache_r_l10 (reshaped) (view) (view),SCALE,vector,10,deltanet,18432x1,f32,73728,,,,,0,,writes cache_r_lN,,F10.1
616,779,conv_states-10,GET_ROWS,memory,10,deltanet,18432x1,f32,73728,,,,,0,,reads cache_r_lN,,F10.2
621,784,node_621,MUL_MAT,weight_matrix,10,deltanet,6144x512,f32,12582912,6144,2048,512,1,6442450944,attn_qkv.weight[2048x6144 bf16],,P10.0,F10.2
624,788,conv_input-10,CONCAT,memory,10,deltanet,515x6144,f32,12656640,,,,,0,,,,F10.2
627,791,conv_state_update-10 (copy of conv_state_last-10),CPY,memory,10,deltanet,18432x1,f32,73728,,,,,0,,writes cache_r_lN,,F10.3
630,795,cache_s_l10 (reshaped) (view) (view),SCALE,vector,10,deltanet,262144x1,f32,1048576,,,,,0,,writes cache_s_lN,,F10.4
631,796,node_631,GET_ROWS,memory,10,deltanet,262144x1,f32,1048576,,,,,0,,reads cache_s_lN,,F10.5
635,800,conv_output_raw-10,SSM_CONV,conv,10,deltanet,6144x512,f32,12582912,,,,,12582912,ssm_conv1d.weight[4x6144 f32],,U800,F10.6
636,802,conv_output_silu-10,UNARY,vector,10,deltanet,6144x512,f32,12582912,,,,,0,,,,F10.6
638,804,node_638,RMS_NORM,vector,10,deltanet,128x16x512,f32,4194304,,,,,0,,,,F10.5
639,805,q_conv_predelta-10,SCALE,vector,10,deltanet,128x16x512,f32,4194304,,,,,0,,,,F10.5
641,807,node_641,RMS_NORM,vector,10,deltanet,128x16x512,f32,4194304,,,,,0,,,,F10.5
642,808,k_conv_predelta-10,SCALE,vector,10,deltanet,128x16x512,f32,4194304,,,,,0,,,,F10.5
644,810,node_644,MUL_MAT,weight_matrix,10,deltanet,16x512,f32,32768,16,2048,512,1,16777216,ssm_alpha.weight[2048x16 bf16],,P10.0,F10.7
646,813,node_646,ADD,vector,10,deltanet,16x512,f32,32768,,,,,0,ssm_dt.bias[16x1 f32],,,F10.7
647,815,a_softplus-10,UNARY,vector,10,deltanet,16x512,f32,32768,,,,,0,,,,F10.7
648,816,gate-10,MUL,vector,10,deltanet,16x512,f32,32768,,,,,0,ssm_a[16x1 f32],,,F10.7
650,819,node_650,MUL_MAT,weight_matrix,10,deltanet,16x512,f32,32768,16,2048,512,1,16777216,ssm_beta.weight[2048x16 bf16],,P10.0,F10.8
652,822,beta_sigmoid-10,UNARY,vector,10,deltanet,1x16x512,f32,32768,,,,,0,,,,F10.8
654,824,node_654,GATED_DELTA_NET,recurrent,10,deltanet,2048x640,f32,5242880,,,,,0,,,U824,F10.5
657,827,cache_s_l10 (view) (copy of new_state-10),CPY,memory,10,deltanet,262144x1,f32,1048576,,,,,0,,writes cache_s_lN,,F10.9
659,829,norm-10,RMS_NORM,vector,10,deltanet,128x16x512,f32,4194304,,,,,0,,,,F10.10
660,830,node_660,MUL,vector,10,deltanet,128x16x512,f32,4194304,,,,,0,ssm_norm.weight[128x1 f32],,,F10.10
661,832,z-10,MUL_MAT,weight_matrix,10,deltanet,2048x512,f32,4194304,2048,2048,512,1,2147483648,attn_gate.weight[2048x2048 bf16],,P10.0,F10.10
663,835,node_663,UNARY,vector,10,deltanet,128x16x512,f32,4194304,,,,,0,,,,F10.10
664,836,node_664,MUL,vector,10,deltanet,128x16x512,f32,4194304,,,,,0,,,,F10.10
666,838,linear_attn_out-10,MUL_MAT,weight_matrix,10,deltanet,2048x512,f32,4194304,2048,2048,512,1,2147483648,ssm_out.weight[2048x2048 bf16],,U838,F10.11
668,841,attn_residual-10,ADD,vector,10,deltanet,2048x512,f32,4194304,,,,,0,,,,F10.11
669,842,norm-10,RMS_NORM,vector,10,deltanet,2048x512,f32,4194304,,,,,0,,,,F10.12
670,843,attn_post_norm-10,MUL,vector,10,deltanet,2048x512,f32,4194304,,,,,0,post_attention_norm.weight[2048x1 f32],,,F10.12
671,845,ffn_gate-10,MUL_MAT,weight_matrix,10,deltanet,6144x512,f32,12582912,6144,2048,512,1,6442450944,ffn_gate.weight[2048x6144 bf16],,P10.1,F10.13
672,847,ffn_up-10,MUL_MAT,weight_matrix,10,deltanet,6144x512,f32,12582912,6144,2048,512,1,6442450944,ffn_up.weight[2048x6144 bf16],,P10.1,F10.13
673,849,ffn_swiglu-10,GLU,vector,10,deltanet,6144x512,f32,12582912,,,,,0,,,,F10.13
674,850,ffn_out-10,MUL_MAT,weight_matrix,10,deltanet,2048x512,f32,4194304,2048,6144,512,1,6442450944,ffn_down.weight[6144x2048 bf16],,U850,F10.14
675,852,l_out-10,ADD,vector,10,deltanet,2048x512,f32,4194304,,,,,0,,,,F10.14
676,853,norm-11,RMS_NORM,vector,11,full_attention,2048x512,f32,4194304,,,,,0,,,,F11.0
677,854,attn_norm-11,MUL,vector,11,full_attention,2048x512,f32,4194304,,,,,0,attn_norm.weight[2048x1 f32],,,F11.0
678,856,Qcur_full-11,MUL_MAT,weight_matrix,11,full_attention,4096x512,f32,8388608,4096,2048,512,1,4294967296,attn_q.weight[2048x4096 bf16],,P11.0,F11.1
680,859,norm-11,RMS_NORM,vector,11,full_attention,256x8x512,f32,4194304,,,,,0,,,,F11.2
681,860,Qcur_normed-11,MUL,vector,11,full_attention,256x8x512,f32,4194304,,,,,0,attn_q_norm.weight[256x1 f32],,,F11.2
682,862,Qcur-11,ROPE,vector,11,full_attention,256x8x512,f32,4194304,,,,,0,,,,F11.2
683,863,Vcur-11,MUL_MAT,weight_matrix,11,full_attention,512x512,f32,1048576,512,2048,512,1,536870912,attn_v.weight[2048x512 bf16],,P11.0,F11.3
685,866,Kcur-11,MUL_MAT,weight_matrix,11,full_attention,512x512,f32,1048576,512,2048,512,1,536870912,attn_k.weight[2048x512 bf16],,P11.0,F11.4
687,869,norm-11,RMS_NORM,vector,11,full_attention,256x2x512,f32,1048576,,,,,0,,,,F11.4
688,870,Kcur_normed-11,MUL,vector,11,full_attention,256x2x512,f32,1048576,,,,,0,attn_k_norm.weight[256x1 f32],,,F11.4
689,872,Kcur-11,ROPE,vector,11,full_attention,256x2x512,f32,1048576,,,,,0,,,,F11.4
691,874,cache_k_l11 (view),SET_ROWS,memory,11,full_attention,512x2048,f16,2097152,,,,,0,,writes cache_k_lN,,F11.4
695,880,cache_v_l11 (reshaped) (view),SET_ROWS,memory,11,full_attention,1x1048576,f16,2097152,,,,,0,,writes cache_v_lN,,F11.3
702,887,kq-11,MUL_MAT,act_matrix,11,full_attention,512x512x8,f32,8388608,512,256,512,8,536870912,,reads cache_k_lN,A11,F11.2
703,888,kq_soft_max-11,SOFT_MAX,vector,11,full_attention,512x512x8,f32,8388608,,,,,0,,,,F11.2
704,889,kqv-11,MUL_MAT,act_matrix,11,full_attention,256x512x8,f32,4194304,256,512,512,8,536870912,,reads cache_v_lN,A11,F11.2
706,891,attn_pregate-11,CONT,memory,11,full_attention,2048x512,f32,4194304,,,,,0,,,,F11.2
708,893,gate_reshaped-11,CONT,memory,11,full_attention,2048x512,f32,4194304,,,,,0,,,,F11.2
709,894,gate_sigmoid-11,UNARY,vector,11,full_attention,2048x512,f32,4194304,,,,,0,,,,F11.2
710,895,attn_gated-11,MUL,vector,11,full_attention,2048x512,f32,4194304,,,,,0,,,,F11.2
711,896,attn_output-11,MUL_MAT,weight_matrix,11,full_attention,2048x512,f32,4194304,2048,2048,512,1,2147483648,attn_output.weight[2048x2048 bf16],,U896,F11.5
712,898,attn_residual-11,ADD,vector,11,full_attention,2048x512,f32,4194304,,,,,0,,,,F11.5
713,899,norm-11,RMS_NORM,vector,11,full_attention,2048x512,f32,4194304,,,,,0,,,,F11.6
714,900,attn_post_norm-11,MUL,vector,11,full_attention,2048x512,f32,4194304,,,,,0,post_attention_norm.weight[2048x1 f32],,,F11.6
715,902,ffn_gate-11,MUL_MAT,weight_matrix,11,full_attention,6144x512,f32,12582912,6144,2048,512,1,6442450944,ffn_gate.weight[2048x6144 bf16],,P11.1,F11.7
716,904,ffn_up-11,MUL_MAT,weight_matrix,11,full_attention,6144x512,f32,12582912,6144,2048,512,1,6442450944,ffn_up.weight[2048x6144 bf16],,P11.1,F11.7
717,906,ffn_swiglu-11,GLU,vector,11,full_attention,6144x512,f32,12582912,,,,,0,,,,F11.7
718,907,ffn_out-11,MUL_MAT,weight_matrix,11,full_attention,2048x512,f32,4194304,2048,6144,512,1,6442450944,ffn_down.weight[6144x2048 bf16],,U907,F11.8
719,909,l_out-11,ADD,vector,11,full_attention,2048x512,f32,4194304,,,,,0,,,,F11.8
720,910,norm-12,RMS_NORM,vector,12,deltanet,2048x512,f32,4194304,,,,,0,,,,F12.0
721,911,attn_norm-12,MUL,vector,12,deltanet,2048x512,f32,4194304,,,,,0,attn_norm.weight[2048x1 f32],,,F12.0
724,916,cache_r_l12 (reshaped) (view) (view),SCALE,vector,12,deltanet,18432x1,f32,73728,,,,,0,,writes cache_r_lN,,F12.1
725,917,conv_states-12,GET_ROWS,memory,12,deltanet,18432x1,f32,73728,,,,,0,,reads cache_r_lN,,F12.2
730,922,node_730,MUL_MAT,weight_matrix,12,deltanet,6144x512,f32,12582912,6144,2048,512,1,6442450944,attn_qkv.weight[2048x6144 bf16],,P12.0,F12.2
733,926,conv_input-12,CONCAT,memory,12,deltanet,515x6144,f32,12656640,,,,,0,,,,F12.2
736,929,conv_state_update-12 (copy of conv_state_last-12),CPY,memory,12,deltanet,18432x1,f32,73728,,,,,0,,writes cache_r_lN,,F12.3
739,933,cache_s_l12 (reshaped) (view) (view),SCALE,vector,12,deltanet,262144x1,f32,1048576,,,,,0,,writes cache_s_lN,,F12.4
740,934,node_740,GET_ROWS,memory,12,deltanet,262144x1,f32,1048576,,,,,0,,reads cache_s_lN,,F12.5
744,938,conv_output_raw-12,SSM_CONV,conv,12,deltanet,6144x512,f32,12582912,,,,,12582912,ssm_conv1d.weight[4x6144 f32],,U938,F12.6
745,940,conv_output_silu-12,UNARY,vector,12,deltanet,6144x512,f32,12582912,,,,,0,,,,F12.6
747,942,node_747,RMS_NORM,vector,12,deltanet,128x16x512,f32,4194304,,,,,0,,,,F12.5
748,943,q_conv_predelta-12,SCALE,vector,12,deltanet,128x16x512,f32,4194304,,,,,0,,,,F12.5
750,945,node_750,RMS_NORM,vector,12,deltanet,128x16x512,f32,4194304,,,,,0,,,,F12.5
751,946,k_conv_predelta-12,SCALE,vector,12,deltanet,128x16x512,f32,4194304,,,,,0,,,,F12.5
753,948,node_753,MUL_MAT,weight_matrix,12,deltanet,16x512,f32,32768,16,2048,512,1,16777216,ssm_alpha.weight[2048x16 bf16],,P12.0,F12.7
755,951,node_755,ADD,vector,12,deltanet,16x512,f32,32768,,,,,0,ssm_dt.bias[16x1 f32],,,F12.7
756,953,a_softplus-12,UNARY,vector,12,deltanet,16x512,f32,32768,,,,,0,,,,F12.7
757,954,gate-12,MUL,vector,12,deltanet,16x512,f32,32768,,,,,0,ssm_a[16x1 f32],,,F12.7
759,957,node_759,MUL_MAT,weight_matrix,12,deltanet,16x512,f32,32768,16,2048,512,1,16777216,ssm_beta.weight[2048x16 bf16],,P12.0,F12.8
761,960,beta_sigmoid-12,UNARY,vector,12,deltanet,1x16x512,f32,32768,,,,,0,,,,F12.8
763,962,node_763,GATED_DELTA_NET,recurrent,12,deltanet,2048x640,f32,5242880,,,,,0,,,U962,F12.5
766,965,cache_s_l12 (view) (copy of new_state-12),CPY,memory,12,deltanet,262144x1,f32,1048576,,,,,0,,writes cache_s_lN,,F12.9
768,967,norm-12,RMS_NORM,vector,12,deltanet,128x16x512,f32,4194304,,,,,0,,,,F12.10
769,968,node_769,MUL,vector,12,deltanet,128x16x512,f32,4194304,,,,,0,ssm_norm.weight[128x1 f32],,,F12.10
770,970,z-12,MUL_MAT,weight_matrix,12,deltanet,2048x512,f32,4194304,2048,2048,512,1,2147483648,attn_gate.weight[2048x2048 bf16],,P12.0,F12.10
772,973,node_772,UNARY,vector,12,deltanet,128x16x512,f32,4194304,,,,,0,,,,F12.10
773,974,node_773,MUL,vector,12,deltanet,128x16x512,f32,4194304,,,,,0,,,,F12.10
775,976,linear_attn_out-12,MUL_MAT,weight_matrix,12,deltanet,2048x512,f32,4194304,2048,2048,512,1,2147483648,ssm_out.weight[2048x2048 bf16],,U976,F12.11
777,979,attn_residual-12,ADD,vector,12,deltanet,2048x512,f32,4194304,,,,,0,,,,F12.11
778,980,norm-12,RMS_NORM,vector,12,deltanet,2048x512,f32,4194304,,,,,0,,,,F12.12
779,981,attn_post_norm-12,MUL,vector,12,deltanet,2048x512,f32,4194304,,,,,0,post_attention_norm.weight[2048x1 f32],,,F12.12
780,983,ffn_gate-12,MUL_MAT,weight_matrix,12,deltanet,6144x512,f32,12582912,6144,2048,512,1,6442450944,ffn_gate.weight[2048x6144 bf16],,P12.1,F12.13
781,985,ffn_up-12,MUL_MAT,weight_matrix,12,deltanet,6144x512,f32,12582912,6144,2048,512,1,6442450944,ffn_up.weight[2048x6144 bf16],,P12.1,F12.13
782,987,ffn_swiglu-12,GLU,vector,12,deltanet,6144x512,f32,12582912,,,,,0,,,,F12.13
783,988,ffn_out-12,MUL_MAT,weight_matrix,12,deltanet,2048x512,f32,4194304,2048,6144,512,1,6442450944,ffn_down.weight[6144x2048 bf16],,U988,F12.14
784,990,l_out-12,ADD,vector,12,deltanet,2048x512,f32,4194304,,,,,0,,,,F12.14
785,991,norm-13,RMS_NORM,vector,13,deltanet,2048x512,f32,4194304,,,,,0,,,,F13.0
786,992,attn_norm-13,MUL,vector,13,deltanet,2048x512,f32,4194304,,,,,0,attn_norm.weight[2048x1 f32],,,F13.0
789,997,cache_r_l13 (reshaped) (view) (view),SCALE,vector,13,deltanet,18432x1,f32,73728,,,,,0,,writes cache_r_lN,,F13.1
790,998,conv_states-13,GET_ROWS,memory,13,deltanet,18432x1,f32,73728,,,,,0,,reads cache_r_lN,,F13.2
795,1003,node_795,MUL_MAT,weight_matrix,13,deltanet,6144x512,f32,12582912,6144,2048,512,1,6442450944,attn_qkv.weight[2048x6144 bf16],,P13.0,F13.2
798,1007,conv_input-13,CONCAT,memory,13,deltanet,515x6144,f32,12656640,,,,,0,,,,F13.2
801,1010,conv_state_update-13 (copy of conv_state_last-13),CPY,memory,13,deltanet,18432x1,f32,73728,,,,,0,,writes cache_r_lN,,F13.3
804,1014,cache_s_l13 (reshaped) (view) (view),SCALE,vector,13,deltanet,262144x1,f32,1048576,,,,,0,,writes cache_s_lN,,F13.4
805,1015,node_805,GET_ROWS,memory,13,deltanet,262144x1,f32,1048576,,,,,0,,reads cache_s_lN,,F13.5
809,1019,conv_output_raw-13,SSM_CONV,conv,13,deltanet,6144x512,f32,12582912,,,,,12582912,ssm_conv1d.weight[4x6144 f32],,U1019,F13.6
810,1021,conv_output_silu-13,UNARY,vector,13,deltanet,6144x512,f32,12582912,,,,,0,,,,F13.6
812,1023,node_812,RMS_NORM,vector,13,deltanet,128x16x512,f32,4194304,,,,,0,,,,F13.5
813,1024,q_conv_predelta-13,SCALE,vector,13,deltanet,128x16x512,f32,4194304,,,,,0,,,,F13.5
815,1026,node_815,RMS_NORM,vector,13,deltanet,128x16x512,f32,4194304,,,,,0,,,,F13.5
816,1027,k_conv_predelta-13,SCALE,vector,13,deltanet,128x16x512,f32,4194304,,,,,0,,,,F13.5
818,1029,node_818,MUL_MAT,weight_matrix,13,deltanet,16x512,f32,32768,16,2048,512,1,16777216,ssm_alpha.weight[2048x16 bf16],,P13.0,F13.7
820,1032,node_820,ADD,vector,13,deltanet,16x512,f32,32768,,,,,0,ssm_dt.bias[16x1 f32],,,F13.7
821,1034,a_softplus-13,UNARY,vector,13,deltanet,16x512,f32,32768,,,,,0,,,,F13.7
822,1035,gate-13,MUL,vector,13,deltanet,16x512,f32,32768,,,,,0,ssm_a[16x1 f32],,,F13.7
824,1038,node_824,MUL_MAT,weight_matrix,13,deltanet,16x512,f32,32768,16,2048,512,1,16777216,ssm_beta.weight[2048x16 bf16],,P13.0,F13.8
826,1041,beta_sigmoid-13,UNARY,vector,13,deltanet,1x16x512,f32,32768,,,,,0,,,,F13.8
828,1043,node_828,GATED_DELTA_NET,recurrent,13,deltanet,2048x640,f32,5242880,,,,,0,,,U1043,F13.5
831,1046,cache_s_l13 (view) (copy of new_state-13),CPY,memory,13,deltanet,262144x1,f32,1048576,,,,,0,,writes cache_s_lN,,F13.9
833,1048,norm-13,RMS_NORM,vector,13,deltanet,128x16x512,f32,4194304,,,,,0,,,,F13.10
834,1049,node_834,MUL,vector,13,deltanet,128x16x512,f32,4194304,,,,,0,ssm_norm.weight[128x1 f32],,,F13.10
835,1051,z-13,MUL_MAT,weight_matrix,13,deltanet,2048x512,f32,4194304,2048,2048,512,1,2147483648,attn_gate.weight[2048x2048 bf16],,P13.0,F13.10
837,1054,node_837,UNARY,vector,13,deltanet,128x16x512,f32,4194304,,,,,0,,,,F13.10
838,1055,node_838,MUL,vector,13,deltanet,128x16x512,f32,4194304,,,,,0,,,,F13.10
840,1057,linear_attn_out-13,MUL_MAT,weight_matrix,13,deltanet,2048x512,f32,4194304,2048,2048,512,1,2147483648,ssm_out.weight[2048x2048 bf16],,U1057,F13.11
842,1060,attn_residual-13,ADD,vector,13,deltanet,2048x512,f32,4194304,,,,,0,,,,F13.11
843,1061,norm-13,RMS_NORM,vector,13,deltanet,2048x512,f32,4194304,,,,,0,,,,F13.12
844,1062,attn_post_norm-13,MUL,vector,13,deltanet,2048x512,f32,4194304,,,,,0,post_attention_norm.weight[2048x1 f32],,,F13.12
845,1064,ffn_gate-13,MUL_MAT,weight_matrix,13,deltanet,6144x512,f32,12582912,6144,2048,512,1,6442450944,ffn_gate.weight[2048x6144 bf16],,P13.1,F13.13
846,1066,ffn_up-13,MUL_MAT,weight_matrix,13,deltanet,6144x512,f32,12582912,6144,2048,512,1,6442450944,ffn_up.weight[2048x6144 bf16],,P13.1,F13.13
847,1068,ffn_swiglu-13,GLU,vector,13,deltanet,6144x512,f32,12582912,,,,,0,,,,F13.13
848,1069,ffn_out-13,MUL_MAT,weight_matrix,13,deltanet,2048x512,f32,4194304,2048,6144,512,1,6442450944,ffn_down.weight[6144x2048 bf16],,U1069,F13.14
849,1071,l_out-13,ADD,vector,13,deltanet,2048x512,f32,4194304,,,,,0,,,,F13.14
850,1072,norm-14,RMS_NORM,vector,14,deltanet,2048x512,f32,4194304,,,,,0,,,,F14.0
851,1073,attn_norm-14,MUL,vector,14,deltanet,2048x512,f32,4194304,,,,,0,attn_norm.weight[2048x1 f32],,,F14.0
854,1078,cache_r_l14 (reshaped) (view) (view),SCALE,vector,14,deltanet,18432x1,f32,73728,,,,,0,,writes cache_r_lN,,F14.1
855,1079,conv_states-14,GET_ROWS,memory,14,deltanet,18432x1,f32,73728,,,,,0,,reads cache_r_lN,,F14.2
860,1084,node_860,MUL_MAT,weight_matrix,14,deltanet,6144x512,f32,12582912,6144,2048,512,1,6442450944,attn_qkv.weight[2048x6144 bf16],,P14.0,F14.2
863,1088,conv_input-14,CONCAT,memory,14,deltanet,515x6144,f32,12656640,,,,,0,,,,F14.2
866,1091,conv_state_update-14 (copy of conv_state_last-14),CPY,memory,14,deltanet,18432x1,f32,73728,,,,,0,,writes cache_r_lN,,F14.3
869,1095,cache_s_l14 (reshaped) (view) (view),SCALE,vector,14,deltanet,262144x1,f32,1048576,,,,,0,,writes cache_s_lN,,F14.4
870,1096,node_870,GET_ROWS,memory,14,deltanet,262144x1,f32,1048576,,,,,0,,reads cache_s_lN,,F14.5
874,1100,conv_output_raw-14,SSM_CONV,conv,14,deltanet,6144x512,f32,12582912,,,,,12582912,ssm_conv1d.weight[4x6144 f32],,U1100,F14.6
875,1102,conv_output_silu-14,UNARY,vector,14,deltanet,6144x512,f32,12582912,,,,,0,,,,F14.6
877,1104,node_877,RMS_NORM,vector,14,deltanet,128x16x512,f32,4194304,,,,,0,,,,F14.5
878,1105,q_conv_predelta-14,SCALE,vector,14,deltanet,128x16x512,f32,4194304,,,,,0,,,,F14.5
880,1107,node_880,RMS_NORM,vector,14,deltanet,128x16x512,f32,4194304,,,,,0,,,,F14.5
881,1108,k_conv_predelta-14,SCALE,vector,14,deltanet,128x16x512,f32,4194304,,,,,0,,,,F14.5
883,1110,node_883,MUL_MAT,weight_matrix,14,deltanet,16x512,f32,32768,16,2048,512,1,16777216,ssm_alpha.weight[2048x16 bf16],,P14.0,F14.7
885,1113,node_885,ADD,vector,14,deltanet,16x512,f32,32768,,,,,0,ssm_dt.bias[16x1 f32],,,F14.7
886,1115,a_softplus-14,UNARY,vector,14,deltanet,16x512,f32,32768,,,,,0,,,,F14.7
887,1116,gate-14,MUL,vector,14,deltanet,16x512,f32,32768,,,,,0,ssm_a[16x1 f32],,,F14.7
889,1119,node_889,MUL_MAT,weight_matrix,14,deltanet,16x512,f32,32768,16,2048,512,1,16777216,ssm_beta.weight[2048x16 bf16],,P14.0,F14.8
891,1122,beta_sigmoid-14,UNARY,vector,14,deltanet,1x16x512,f32,32768,,,,,0,,,,F14.8
893,1124,node_893,GATED_DELTA_NET,recurrent,14,deltanet,2048x640,f32,5242880,,,,,0,,,U1124,F14.5
896,1127,cache_s_l14 (view) (copy of new_state-14),CPY,memory,14,deltanet,262144x1,f32,1048576,,,,,0,,writes cache_s_lN,,F14.9
898,1129,norm-14,RMS_NORM,vector,14,deltanet,128x16x512,f32,4194304,,,,,0,,,,F14.10
899,1130,node_899,MUL,vector,14,deltanet,128x16x512,f32,4194304,,,,,0,ssm_norm.weight[128x1 f32],,,F14.10
900,1132,z-14,MUL_MAT,weight_matrix,14,deltanet,2048x512,f32,4194304,2048,2048,512,1,2147483648,attn_gate.weight[2048x2048 bf16],,P14.0,F14.10
902,1135,node_902,UNARY,vector,14,deltanet,128x16x512,f32,4194304,,,,,0,,,,F14.10
903,1136,node_903,MUL,vector,14,deltanet,128x16x512,f32,4194304,,,,,0,,,,F14.10
905,1138,linear_attn_out-14,MUL_MAT,weight_matrix,14,deltanet,2048x512,f32,4194304,2048,2048,512,1,2147483648,ssm_out.weight[2048x2048 bf16],,U1138,F14.11
907,1141,attn_residual-14,ADD,vector,14,deltanet,2048x512,f32,4194304,,,,,0,,,,F14.11
908,1142,norm-14,RMS_NORM,vector,14,deltanet,2048x512,f32,4194304,,,,,0,,,,F14.12
909,1143,attn_post_norm-14,MUL,vector,14,deltanet,2048x512,f32,4194304,,,,,0,post_attention_norm.weight[2048x1 f32],,,F14.12
910,1145,ffn_gate-14,MUL_MAT,weight_matrix,14,deltanet,6144x512,f32,12582912,6144,2048,512,1,6442450944,ffn_gate.weight[2048x6144 bf16],,P14.1,F14.13
911,1147,ffn_up-14,MUL_MAT,weight_matrix,14,deltanet,6144x512,f32,12582912,6144,2048,512,1,6442450944,ffn_up.weight[2048x6144 bf16],,P14.1,F14.13
912,1149,ffn_swiglu-14,GLU,vector,14,deltanet,6144x512,f32,12582912,,,,,0,,,,F14.13
913,1150,ffn_out-14,MUL_MAT,weight_matrix,14,deltanet,2048x512,f32,4194304,2048,6144,512,1,6442450944,ffn_down.weight[6144x2048 bf16],,U1150,F14.14
914,1152,l_out-14,ADD,vector,14,deltanet,2048x512,f32,4194304,,,,,0,,,,F14.14
915,1153,norm-15,RMS_NORM,vector,15,full_attention,2048x512,f32,4194304,,,,,0,,,,F15.0
916,1154,attn_norm-15,MUL,vector,15,full_attention,2048x512,f32,4194304,,,,,0,attn_norm.weight[2048x1 f32],,,F15.0
917,1156,Qcur_full-15,MUL_MAT,weight_matrix,15,full_attention,4096x512,f32,8388608,4096,2048,512,1,4294967296,attn_q.weight[2048x4096 bf16],,P15.0,F15.1
919,1159,norm-15,RMS_NORM,vector,15,full_attention,256x8x512,f32,4194304,,,,,0,,,,F15.2
920,1160,Qcur_normed-15,MUL,vector,15,full_attention,256x8x512,f32,4194304,,,,,0,attn_q_norm.weight[256x1 f32],,,F15.2
921,1162,Qcur-15,ROPE,vector,15,full_attention,256x8x512,f32,4194304,,,,,0,,,,F15.2
922,1163,Vcur-15,MUL_MAT,weight_matrix,15,full_attention,512x512,f32,1048576,512,2048,512,1,536870912,attn_v.weight[2048x512 bf16],,P15.0,F15.3
924,1166,Kcur-15,MUL_MAT,weight_matrix,15,full_attention,512x512,f32,1048576,512,2048,512,1,536870912,attn_k.weight[2048x512 bf16],,P15.0,F15.4
926,1169,norm-15,RMS_NORM,vector,15,full_attention,256x2x512,f32,1048576,,,,,0,,,,F15.4
927,1170,Kcur_normed-15,MUL,vector,15,full_attention,256x2x512,f32,1048576,,,,,0,attn_k_norm.weight[256x1 f32],,,F15.4
928,1172,Kcur-15,ROPE,vector,15,full_attention,256x2x512,f32,1048576,,,,,0,,,,F15.4
930,1174,cache_k_l15 (view),SET_ROWS,memory,15,full_attention,512x2048,f16,2097152,,,,,0,,writes cache_k_lN,,F15.4
934,1180,cache_v_l15 (reshaped) (view),SET_ROWS,memory,15,full_attention,1x1048576,f16,2097152,,,,,0,,writes cache_v_lN,,F15.3
941,1187,kq-15,MUL_MAT,act_matrix,15,full_attention,512x512x8,f32,8388608,512,256,512,8,536870912,,reads cache_k_lN,A15,F15.2
942,1188,kq_soft_max-15,SOFT_MAX,vector,15,full_attention,512x512x8,f32,8388608,,,,,0,,,,F15.2
943,1189,kqv-15,MUL_MAT,act_matrix,15,full_attention,256x512x8,f32,4194304,256,512,512,8,536870912,,reads cache_v_lN,A15,F15.2
945,1191,attn_pregate-15,CONT,memory,15,full_attention,2048x512,f32,4194304,,,,,0,,,,F15.2
947,1193,gate_reshaped-15,CONT,memory,15,full_attention,2048x512,f32,4194304,,,,,0,,,,F15.2
948,1194,gate_sigmoid-15,UNARY,vector,15,full_attention,2048x512,f32,4194304,,,,,0,,,,F15.2
949,1195,attn_gated-15,MUL,vector,15,full_attention,2048x512,f32,4194304,,,,,0,,,,F15.2
950,1196,attn_output-15,MUL_MAT,weight_matrix,15,full_attention,2048x512,f32,4194304,2048,2048,512,1,2147483648,attn_output.weight[2048x2048 bf16],,U1196,F15.5
951,1198,attn_residual-15,ADD,vector,15,full_attention,2048x512,f32,4194304,,,,,0,,,,F15.5
952,1199,norm-15,RMS_NORM,vector,15,full_attention,2048x512,f32,4194304,,,,,0,,,,F15.6
953,1200,attn_post_norm-15,MUL,vector,15,full_attention,2048x512,f32,4194304,,,,,0,post_attention_norm.weight[2048x1 f32],,,F15.6
954,1202,ffn_gate-15,MUL_MAT,weight_matrix,15,full_attention,6144x512,f32,12582912,6144,2048,512,1,6442450944,ffn_gate.weight[2048x6144 bf16],,P15.1,F15.7
955,1204,ffn_up-15,MUL_MAT,weight_matrix,15,full_attention,6144x512,f32,12582912,6144,2048,512,1,6442450944,ffn_up.weight[2048x6144 bf16],,P15.1,F15.7
956,1206,ffn_swiglu-15,GLU,vector,15,full_attention,6144x512,f32,12582912,,,,,0,,,,F15.7
957,1207,ffn_out-15,MUL_MAT,weight_matrix,15,full_attention,2048x512,f32,4194304,2048,6144,512,1,6442450944,ffn_down.weight[6144x2048 bf16],,U1207,F15.8
958,1209,l_out-15,ADD,vector,15,full_attention,2048x512,f32,4194304,,,,,0,,,,F15.8
959,1210,norm-16,RMS_NORM,vector,16,deltanet,2048x512,f32,4194304,,,,,0,,,,F16.0
960,1211,attn_norm-16,MUL,vector,16,deltanet,2048x512,f32,4194304,,,,,0,attn_norm.weight[2048x1 f32],,,F16.0
963,1216,cache_r_l16 (reshaped) (view) (view),SCALE,vector,16,deltanet,18432x1,f32,73728,,,,,0,,writes cache_r_lN,,F16.1
964,1217,conv_states-16,GET_ROWS,memory,16,deltanet,18432x1,f32,73728,,,,,0,,reads cache_r_lN,,F16.2
969,1222,node_969,MUL_MAT,weight_matrix,16,deltanet,6144x512,f32,12582912,6144,2048,512,1,6442450944,attn_qkv.weight[2048x6144 bf16],,P16.0,F16.2
972,1226,conv_input-16,CONCAT,memory,16,deltanet,515x6144,f32,12656640,,,,,0,,,,F16.2
975,1229,conv_state_update-16 (copy of conv_state_last-16),CPY,memory,16,deltanet,18432x1,f32,73728,,,,,0,,writes cache_r_lN,,F16.3
978,1233,cache_s_l16 (reshaped) (view) (view),SCALE,vector,16,deltanet,262144x1,f32,1048576,,,,,0,,writes cache_s_lN,,F16.4
979,1234,node_979,GET_ROWS,memory,16,deltanet,262144x1,f32,1048576,,,,,0,,reads cache_s_lN,,F16.5
983,1238,conv_output_raw-16,SSM_CONV,conv,16,deltanet,6144x512,f32,12582912,,,,,12582912,ssm_conv1d.weight[4x6144 f32],,U1238,F16.6
984,1240,conv_output_silu-16,UNARY,vector,16,deltanet,6144x512,f32,12582912,,,,,0,,,,F16.6
986,1242,node_986,RMS_NORM,vector,16,deltanet,128x16x512,f32,4194304,,,,,0,,,,F16.5
987,1243,q_conv_predelta-16,SCALE,vector,16,deltanet,128x16x512,f32,4194304,,,,,0,,,,F16.5
989,1245,node_989,RMS_NORM,vector,16,deltanet,128x16x512,f32,4194304,,,,,0,,,,F16.5
990,1246,k_conv_predelta-16,SCALE,vector,16,deltanet,128x16x512,f32,4194304,,,,,0,,,,F16.5
992,1248,node_992,MUL_MAT,weight_matrix,16,deltanet,16x512,f32,32768,16,2048,512,1,16777216,ssm_alpha.weight[2048x16 bf16],,P16.0,F16.7
994,1251,node_994,ADD,vector,16,deltanet,16x512,f32,32768,,,,,0,ssm_dt.bias[16x1 f32],,,F16.7
995,1253,a_softplus-16,UNARY,vector,16,deltanet,16x512,f32,32768,,,,,0,,,,F16.7
996,1254,gate-16,MUL,vector,16,deltanet,16x512,f32,32768,,,,,0,ssm_a[16x1 f32],,,F16.7
998,1257,node_998,MUL_MAT,weight_matrix,16,deltanet,16x512,f32,32768,16,2048,512,1,16777216,ssm_beta.weight[2048x16 bf16],,P16.0,F16.8
1000,1260,beta_sigmoid-16,UNARY,vector,16,deltanet,1x16x512,f32,32768,,,,,0,,,,F16.8
1002,1262,node_1002,GATED_DELTA_NET,recurrent,16,deltanet,2048x640,f32,5242880,,,,,0,,,U1262,F16.5
1005,1265,cache_s_l16 (view) (copy of new_state-16),CPY,memory,16,deltanet,262144x1,f32,1048576,,,,,0,,writes cache_s_lN,,F16.9
1007,1267,norm-16,RMS_NORM,vector,16,deltanet,128x16x512,f32,4194304,,,,,0,,,,F16.10
1008,1268,node_1008,MUL,vector,16,deltanet,128x16x512,f32,4194304,,,,,0,ssm_norm.weight[128x1 f32],,,F16.10
1009,1270,z-16,MUL_MAT,weight_matrix,16,deltanet,2048x512,f32,4194304,2048,2048,512,1,2147483648,attn_gate.weight[2048x2048 bf16],,P16.0,F16.10
1011,1273,node_1011,UNARY,vector,16,deltanet,128x16x512,f32,4194304,,,,,0,,,,F16.10
1012,1274,node_1012,MUL,vector,16,deltanet,128x16x512,f32,4194304,,,,,0,,,,F16.10
1014,1276,linear_attn_out-16,MUL_MAT,weight_matrix,16,deltanet,2048x512,f32,4194304,2048,2048,512,1,2147483648,ssm_out.weight[2048x2048 bf16],,U1276,F16.11
1016,1279,attn_residual-16,ADD,vector,16,deltanet,2048x512,f32,4194304,,,,,0,,,,F16.11
1017,1280,norm-16,RMS_NORM,vector,16,deltanet,2048x512,f32,4194304,,,,,0,,,,F16.12
1018,1281,attn_post_norm-16,MUL,vector,16,deltanet,2048x512,f32,4194304,,,,,0,post_attention_norm.weight[2048x1 f32],,,F16.12
1019,1283,ffn_gate-16,MUL_MAT,weight_matrix,16,deltanet,6144x512,f32,12582912,6144,2048,512,1,6442450944,ffn_gate.weight[2048x6144 bf16],,P16.1,F16.13
1020,1285,ffn_up-16,MUL_MAT,weight_matrix,16,deltanet,6144x512,f32,12582912,6144,2048,512,1,6442450944,ffn_up.weight[2048x6144 bf16],,P16.1,F16.13
1021,1287,ffn_swiglu-16,GLU,vector,16,deltanet,6144x512,f32,12582912,,,,,0,,,,F16.13
1022,1288,ffn_out-16,MUL_MAT,weight_matrix,16,deltanet,2048x512,f32,4194304,2048,6144,512,1,6442450944,ffn_down.weight[6144x2048 bf16],,U1288,F16.14
1023,1290,l_out-16,ADD,vector,16,deltanet,2048x512,f32,4194304,,,,,0,,,,F16.14
1024,1291,norm-17,RMS_NORM,vector,17,deltanet,2048x512,f32,4194304,,,,,0,,,,F17.0
1025,1292,attn_norm-17,MUL,vector,17,deltanet,2048x512,f32,4194304,,,,,0,attn_norm.weight[2048x1 f32],,,F17.0
1028,1297,cache_r_l17 (reshaped) (view) (view),SCALE,vector,17,deltanet,18432x1,f32,73728,,,,,0,,writes cache_r_lN,,F17.1
1029,1298,conv_states-17,GET_ROWS,memory,17,deltanet,18432x1,f32,73728,,,,,0,,reads cache_r_lN,,F17.2
1034,1303,node_1034,MUL_MAT,weight_matrix,17,deltanet,6144x512,f32,12582912,6144,2048,512,1,6442450944,attn_qkv.weight[2048x6144 bf16],,P17.0,F17.2
1037,1307,conv_input-17,CONCAT,memory,17,deltanet,515x6144,f32,12656640,,,,,0,,,,F17.2
1040,1310,conv_state_update-17 (copy of conv_state_last-17),CPY,memory,17,deltanet,18432x1,f32,73728,,,,,0,,writes cache_r_lN,,F17.3
1043,1314,cache_s_l17 (reshaped) (view) (view),SCALE,vector,17,deltanet,262144x1,f32,1048576,,,,,0,,writes cache_s_lN,,F17.4
1044,1315,node_1044,GET_ROWS,memory,17,deltanet,262144x1,f32,1048576,,,,,0,,reads cache_s_lN,,F17.5
1048,1319,conv_output_raw-17,SSM_CONV,conv,17,deltanet,6144x512,f32,12582912,,,,,12582912,ssm_conv1d.weight[4x6144 f32],,U1319,F17.6
1049,1321,conv_output_silu-17,UNARY,vector,17,deltanet,6144x512,f32,12582912,,,,,0,,,,F17.6
1051,1323,node_1051,RMS_NORM,vector,17,deltanet,128x16x512,f32,4194304,,,,,0,,,,F17.5
1052,1324,q_conv_predelta-17,SCALE,vector,17,deltanet,128x16x512,f32,4194304,,,,,0,,,,F17.5
1054,1326,node_1054,RMS_NORM,vector,17,deltanet,128x16x512,f32,4194304,,,,,0,,,,F17.5
1055,1327,k_conv_predelta-17,SCALE,vector,17,deltanet,128x16x512,f32,4194304,,,,,0,,,,F17.5
1057,1329,node_1057,MUL_MAT,weight_matrix,17,deltanet,16x512,f32,32768,16,2048,512,1,16777216,ssm_alpha.weight[2048x16 bf16],,P17.0,F17.7
1059,1332,node_1059,ADD,vector,17,deltanet,16x512,f32,32768,,,,,0,ssm_dt.bias[16x1 f32],,,F17.7
1060,1334,a_softplus-17,UNARY,vector,17,deltanet,16x512,f32,32768,,,,,0,,,,F17.7
1061,1335,gate-17,MUL,vector,17,deltanet,16x512,f32,32768,,,,,0,ssm_a[16x1 f32],,,F17.7
1063,1338,node_1063,MUL_MAT,weight_matrix,17,deltanet,16x512,f32,32768,16,2048,512,1,16777216,ssm_beta.weight[2048x16 bf16],,P17.0,F17.8
1065,1341,beta_sigmoid-17,UNARY,vector,17,deltanet,1x16x512,f32,32768,,,,,0,,,,F17.8
1067,1343,node_1067,GATED_DELTA_NET,recurrent,17,deltanet,2048x640,f32,5242880,,,,,0,,,U1343,F17.5
1070,1346,cache_s_l17 (view) (copy of new_state-17),CPY,memory,17,deltanet,262144x1,f32,1048576,,,,,0,,writes cache_s_lN,,F17.9
1072,1348,norm-17,RMS_NORM,vector,17,deltanet,128x16x512,f32,4194304,,,,,0,,,,F17.10
1073,1349,node_1073,MUL,vector,17,deltanet,128x16x512,f32,4194304,,,,,0,ssm_norm.weight[128x1 f32],,,F17.10
1074,1351,z-17,MUL_MAT,weight_matrix,17,deltanet,2048x512,f32,4194304,2048,2048,512,1,2147483648,attn_gate.weight[2048x2048 bf16],,P17.0,F17.10
1076,1354,node_1076,UNARY,vector,17,deltanet,128x16x512,f32,4194304,,,,,0,,,,F17.10
1077,1355,node_1077,MUL,vector,17,deltanet,128x16x512,f32,4194304,,,,,0,,,,F17.10
1079,1357,linear_attn_out-17,MUL_MAT,weight_matrix,17,deltanet,2048x512,f32,4194304,2048,2048,512,1,2147483648,ssm_out.weight[2048x2048 bf16],,U1357,F17.11
1081,1360,attn_residual-17,ADD,vector,17,deltanet,2048x512,f32,4194304,,,,,0,,,,F17.11
1082,1361,norm-17,RMS_NORM,vector,17,deltanet,2048x512,f32,4194304,,,,,0,,,,F17.12
1083,1362,attn_post_norm-17,MUL,vector,17,deltanet,2048x512,f32,4194304,,,,,0,post_attention_norm.weight[2048x1 f32],,,F17.12
1084,1364,ffn_gate-17,MUL_MAT,weight_matrix,17,deltanet,6144x512,f32,12582912,6144,2048,512,1,6442450944,ffn_gate.weight[2048x6144 bf16],,P17.1,F17.13
1085,1366,ffn_up-17,MUL_MAT,weight_matrix,17,deltanet,6144x512,f32,12582912,6144,2048,512,1,6442450944,ffn_up.weight[2048x6144 bf16],,P17.1,F17.13
1086,1368,ffn_swiglu-17,GLU,vector,17,deltanet,6144x512,f32,12582912,,,,,0,,,,F17.13
1087,1369,ffn_out-17,MUL_MAT,weight_matrix,17,deltanet,2048x512,f32,4194304,2048,6144,512,1,6442450944,ffn_down.weight[6144x2048 bf16],,U1369,F17.14
1088,1371,l_out-17,ADD,vector,17,deltanet,2048x512,f32,4194304,,,,,0,,,,F17.14
1089,1372,norm-18,RMS_NORM,vector,18,deltanet,2048x512,f32,4194304,,,,,0,,,,F18.0
1090,1373,attn_norm-18,MUL,vector,18,deltanet,2048x512,f32,4194304,,,,,0,attn_norm.weight[2048x1 f32],,,F18.0
1093,1378,cache_r_l18 (reshaped) (view) (view),SCALE,vector,18,deltanet,18432x1,f32,73728,,,,,0,,writes cache_r_lN,,F18.1
1094,1379,conv_states-18,GET_ROWS,memory,18,deltanet,18432x1,f32,73728,,,,,0,,reads cache_r_lN,,F18.2
1099,1384,node_1099,MUL_MAT,weight_matrix,18,deltanet,6144x512,f32,12582912,6144,2048,512,1,6442450944,attn_qkv.weight[2048x6144 bf16],,P18.0,F18.2
1102,1388,conv_input-18,CONCAT,memory,18,deltanet,515x6144,f32,12656640,,,,,0,,,,F18.2
1105,1391,conv_state_update-18 (copy of conv_state_last-18),CPY,memory,18,deltanet,18432x1,f32,73728,,,,,0,,writes cache_r_lN,,F18.3
1108,1395,cache_s_l18 (reshaped) (view) (view),SCALE,vector,18,deltanet,262144x1,f32,1048576,,,,,0,,writes cache_s_lN,,F18.4
1109,1396,node_1109,GET_ROWS,memory,18,deltanet,262144x1,f32,1048576,,,,,0,,reads cache_s_lN,,F18.5
1113,1400,conv_output_raw-18,SSM_CONV,conv,18,deltanet,6144x512,f32,12582912,,,,,12582912,ssm_conv1d.weight[4x6144 f32],,U1400,F18.6
1114,1402,conv_output_silu-18,UNARY,vector,18,deltanet,6144x512,f32,12582912,,,,,0,,,,F18.6
1116,1404,node_1116,RMS_NORM,vector,18,deltanet,128x16x512,f32,4194304,,,,,0,,,,F18.5
1117,1405,q_conv_predelta-18,SCALE,vector,18,deltanet,128x16x512,f32,4194304,,,,,0,,,,F18.5
1119,1407,node_1119,RMS_NORM,vector,18,deltanet,128x16x512,f32,4194304,,,,,0,,,,F18.5
1120,1408,k_conv_predelta-18,SCALE,vector,18,deltanet,128x16x512,f32,4194304,,,,,0,,,,F18.5
1122,1410,node_1122,MUL_MAT,weight_matrix,18,deltanet,16x512,f32,32768,16,2048,512,1,16777216,ssm_alpha.weight[2048x16 bf16],,P18.0,F18.7
1124,1413,node_1124,ADD,vector,18,deltanet,16x512,f32,32768,,,,,0,ssm_dt.bias[16x1 f32],,,F18.7
1125,1415,a_softplus-18,UNARY,vector,18,deltanet,16x512,f32,32768,,,,,0,,,,F18.7
1126,1416,gate-18,MUL,vector,18,deltanet,16x512,f32,32768,,,,,0,ssm_a[16x1 f32],,,F18.7
1128,1419,node_1128,MUL_MAT,weight_matrix,18,deltanet,16x512,f32,32768,16,2048,512,1,16777216,ssm_beta.weight[2048x16 bf16],,P18.0,F18.8
1130,1422,beta_sigmoid-18,UNARY,vector,18,deltanet,1x16x512,f32,32768,,,,,0,,,,F18.8
1132,1424,node_1132,GATED_DELTA_NET,recurrent,18,deltanet,2048x640,f32,5242880,,,,,0,,,U1424,F18.5
1135,1427,cache_s_l18 (view) (copy of new_state-18),CPY,memory,18,deltanet,262144x1,f32,1048576,,,,,0,,writes cache_s_lN,,F18.9
1137,1429,norm-18,RMS_NORM,vector,18,deltanet,128x16x512,f32,4194304,,,,,0,,,,F18.10
1138,1430,node_1138,MUL,vector,18,deltanet,128x16x512,f32,4194304,,,,,0,ssm_norm.weight[128x1 f32],,,F18.10
1139,1432,z-18,MUL_MAT,weight_matrix,18,deltanet,2048x512,f32,4194304,2048,2048,512,1,2147483648,attn_gate.weight[2048x2048 bf16],,P18.0,F18.10
1141,1435,node_1141,UNARY,vector,18,deltanet,128x16x512,f32,4194304,,,,,0,,,,F18.10
1142,1436,node_1142,MUL,vector,18,deltanet,128x16x512,f32,4194304,,,,,0,,,,F18.10
1144,1438,linear_attn_out-18,MUL_MAT,weight_matrix,18,deltanet,2048x512,f32,4194304,2048,2048,512,1,2147483648,ssm_out.weight[2048x2048 bf16],,U1438,F18.11
1146,1441,attn_residual-18,ADD,vector,18,deltanet,2048x512,f32,4194304,,,,,0,,,,F18.11
1147,1442,norm-18,RMS_NORM,vector,18,deltanet,2048x512,f32,4194304,,,,,0,,,,F18.12
1148,1443,attn_post_norm-18,MUL,vector,18,deltanet,2048x512,f32,4194304,,,,,0,post_attention_norm.weight[2048x1 f32],,,F18.12
1149,1445,ffn_gate-18,MUL_MAT,weight_matrix,18,deltanet,6144x512,f32,12582912,6144,2048,512,1,6442450944,ffn_gate.weight[2048x6144 bf16],,P18.1,F18.13
1150,1447,ffn_up-18,MUL_MAT,weight_matrix,18,deltanet,6144x512,f32,12582912,6144,2048,512,1,6442450944,ffn_up.weight[2048x6144 bf16],,P18.1,F18.13
1151,1449,ffn_swiglu-18,GLU,vector,18,deltanet,6144x512,f32,12582912,,,,,0,,,,F18.13
1152,1450,ffn_out-18,MUL_MAT,weight_matrix,18,deltanet,2048x512,f32,4194304,2048,6144,512,1,6442450944,ffn_down.weight[6144x2048 bf16],,U1450,F18.14
1153,1452,l_out-18,ADD,vector,18,deltanet,2048x512,f32,4194304,,,,,0,,,,F18.14
1154,1453,norm-19,RMS_NORM,vector,19,full_attention,2048x512,f32,4194304,,,,,0,,,,F19.0
1155,1454,attn_norm-19,MUL,vector,19,full_attention,2048x512,f32,4194304,,,,,0,attn_norm.weight[2048x1 f32],,,F19.0
1156,1456,Qcur_full-19,MUL_MAT,weight_matrix,19,full_attention,4096x512,f32,8388608,4096,2048,512,1,4294967296,attn_q.weight[2048x4096 bf16],,P19.0,F19.1
1158,1459,norm-19,RMS_NORM,vector,19,full_attention,256x8x512,f32,4194304,,,,,0,,,,F19.2
1159,1460,Qcur_normed-19,MUL,vector,19,full_attention,256x8x512,f32,4194304,,,,,0,attn_q_norm.weight[256x1 f32],,,F19.2
1160,1462,Qcur-19,ROPE,vector,19,full_attention,256x8x512,f32,4194304,,,,,0,,,,F19.2
1161,1463,Vcur-19,MUL_MAT,weight_matrix,19,full_attention,512x512,f32,1048576,512,2048,512,1,536870912,attn_v.weight[2048x512 bf16],,P19.0,F19.3
1163,1466,Kcur-19,MUL_MAT,weight_matrix,19,full_attention,512x512,f32,1048576,512,2048,512,1,536870912,attn_k.weight[2048x512 bf16],,P19.0,F19.4
1165,1469,norm-19,RMS_NORM,vector,19,full_attention,256x2x512,f32,1048576,,,,,0,,,,F19.4
1166,1470,Kcur_normed-19,MUL,vector,19,full_attention,256x2x512,f32,1048576,,,,,0,attn_k_norm.weight[256x1 f32],,,F19.4
1167,1472,Kcur-19,ROPE,vector,19,full_attention,256x2x512,f32,1048576,,,,,0,,,,F19.4
1169,1474,cache_k_l19 (view),SET_ROWS,memory,19,full_attention,512x2048,f16,2097152,,,,,0,,writes cache_k_lN,,F19.4
1173,1480,cache_v_l19 (reshaped) (view),SET_ROWS,memory,19,full_attention,1x1048576,f16,2097152,,,,,0,,writes cache_v_lN,,F19.3
1180,1487,kq-19,MUL_MAT,act_matrix,19,full_attention,512x512x8,f32,8388608,512,256,512,8,536870912,,reads cache_k_lN,A19,F19.2
1181,1488,kq_soft_max-19,SOFT_MAX,vector,19,full_attention,512x512x8,f32,8388608,,,,,0,,,,F19.2
1182,1489,kqv-19,MUL_MAT,act_matrix,19,full_attention,256x512x8,f32,4194304,256,512,512,8,536870912,,reads cache_v_lN,A19,F19.2
1184,1491,attn_pregate-19,CONT,memory,19,full_attention,2048x512,f32,4194304,,,,,0,,,,F19.2
1186,1493,gate_reshaped-19,CONT,memory,19,full_attention,2048x512,f32,4194304,,,,,0,,,,F19.2
1187,1494,gate_sigmoid-19,UNARY,vector,19,full_attention,2048x512,f32,4194304,,,,,0,,,,F19.2
1188,1495,attn_gated-19,MUL,vector,19,full_attention,2048x512,f32,4194304,,,,,0,,,,F19.2
1189,1496,attn_output-19,MUL_MAT,weight_matrix,19,full_attention,2048x512,f32,4194304,2048,2048,512,1,2147483648,attn_output.weight[2048x2048 bf16],,U1496,F19.5
1190,1498,attn_residual-19,ADD,vector,19,full_attention,2048x512,f32,4194304,,,,,0,,,,F19.5
1191,1499,norm-19,RMS_NORM,vector,19,full_attention,2048x512,f32,4194304,,,,,0,,,,F19.6
1192,1500,attn_post_norm-19,MUL,vector,19,full_attention,2048x512,f32,4194304,,,,,0,post_attention_norm.weight[2048x1 f32],,,F19.6
1193,1502,ffn_gate-19,MUL_MAT,weight_matrix,19,full_attention,6144x512,f32,12582912,6144,2048,512,1,6442450944,ffn_gate.weight[2048x6144 bf16],,P19.1,F19.7
1194,1504,ffn_up-19,MUL_MAT,weight_matrix,19,full_attention,6144x512,f32,12582912,6144,2048,512,1,6442450944,ffn_up.weight[2048x6144 bf16],,P19.1,F19.7
1195,1506,ffn_swiglu-19,GLU,vector,19,full_attention,6144x512,f32,12582912,,,,,0,,,,F19.7
1196,1507,ffn_out-19,MUL_MAT,weight_matrix,19,full_attention,2048x512,f32,4194304,2048,6144,512,1,6442450944,ffn_down.weight[6144x2048 bf16],,U1507,F19.8
1197,1509,l_out-19,ADD,vector,19,full_attention,2048x512,f32,4194304,,,,,0,,,,F19.8
1198,1510,norm-20,RMS_NORM,vector,20,deltanet,2048x512,f32,4194304,,,,,0,,,,F20.0
1199,1511,attn_norm-20,MUL,vector,20,deltanet,2048x512,f32,4194304,,,,,0,attn_norm.weight[2048x1 f32],,,F20.0
1202,1516,cache_r_l20 (reshaped) (view) (view),SCALE,vector,20,deltanet,18432x1,f32,73728,,,,,0,,writes cache_r_lN,,F20.1
1203,1517,conv_states-20,GET_ROWS,memory,20,deltanet,18432x1,f32,73728,,,,,0,,reads cache_r_lN,,F20.2
1208,1522,node_1208,MUL_MAT,weight_matrix,20,deltanet,6144x512,f32,12582912,6144,2048,512,1,6442450944,attn_qkv.weight[2048x6144 bf16],,P20.0,F20.2
1211,1526,conv_input-20,CONCAT,memory,20,deltanet,515x6144,f32,12656640,,,,,0,,,,F20.2
1214,1529,conv_state_update-20 (copy of conv_state_last-20),CPY,memory,20,deltanet,18432x1,f32,73728,,,,,0,,writes cache_r_lN,,F20.3
1217,1533,cache_s_l20 (reshaped) (view) (view),SCALE,vector,20,deltanet,262144x1,f32,1048576,,,,,0,,writes cache_s_lN,,F20.4
1218,1534,node_1218,GET_ROWS,memory,20,deltanet,262144x1,f32,1048576,,,,,0,,reads cache_s_lN,,F20.5
1222,1538,conv_output_raw-20,SSM_CONV,conv,20,deltanet,6144x512,f32,12582912,,,,,12582912,ssm_conv1d.weight[4x6144 f32],,U1538,F20.6
1223,1540,conv_output_silu-20,UNARY,vector,20,deltanet,6144x512,f32,12582912,,,,,0,,,,F20.6
1225,1542,node_1225,RMS_NORM,vector,20,deltanet,128x16x512,f32,4194304,,,,,0,,,,F20.5
1226,1543,q_conv_predelta-20,SCALE,vector,20,deltanet,128x16x512,f32,4194304,,,,,0,,,,F20.5
1228,1545,node_1228,RMS_NORM,vector,20,deltanet,128x16x512,f32,4194304,,,,,0,,,,F20.5
1229,1546,k_conv_predelta-20,SCALE,vector,20,deltanet,128x16x512,f32,4194304,,,,,0,,,,F20.5
1231,1548,node_1231,MUL_MAT,weight_matrix,20,deltanet,16x512,f32,32768,16,2048,512,1,16777216,ssm_alpha.weight[2048x16 bf16],,P20.0,F20.7
1233,1551,node_1233,ADD,vector,20,deltanet,16x512,f32,32768,,,,,0,ssm_dt.bias[16x1 f32],,,F20.7
1234,1553,a_softplus-20,UNARY,vector,20,deltanet,16x512,f32,32768,,,,,0,,,,F20.7
1235,1554,gate-20,MUL,vector,20,deltanet,16x512,f32,32768,,,,,0,ssm_a[16x1 f32],,,F20.7
1237,1557,node_1237,MUL_MAT,weight_matrix,20,deltanet,16x512,f32,32768,16,2048,512,1,16777216,ssm_beta.weight[2048x16 bf16],,P20.0,F20.8
1239,1560,beta_sigmoid-20,UNARY,vector,20,deltanet,1x16x512,f32,32768,,,,,0,,,,F20.8
1241,1562,node_1241,GATED_DELTA_NET,recurrent,20,deltanet,2048x640,f32,5242880,,,,,0,,,U1562,F20.5
1244,1565,cache_s_l20 (view) (copy of new_state-20),CPY,memory,20,deltanet,262144x1,f32,1048576,,,,,0,,writes cache_s_lN,,F20.9
1246,1567,norm-20,RMS_NORM,vector,20,deltanet,128x16x512,f32,4194304,,,,,0,,,,F20.10
1247,1568,node_1247,MUL,vector,20,deltanet,128x16x512,f32,4194304,,,,,0,ssm_norm.weight[128x1 f32],,,F20.10
1248,1570,z-20,MUL_MAT,weight_matrix,20,deltanet,2048x512,f32,4194304,2048,2048,512,1,2147483648,attn_gate.weight[2048x2048 bf16],,P20.0,F20.10
1250,1573,node_1250,UNARY,vector,20,deltanet,128x16x512,f32,4194304,,,,,0,,,,F20.10
1251,1574,node_1251,MUL,vector,20,deltanet,128x16x512,f32,4194304,,,,,0,,,,F20.10
1253,1576,linear_attn_out-20,MUL_MAT,weight_matrix,20,deltanet,2048x512,f32,4194304,2048,2048,512,1,2147483648,ssm_out.weight[2048x2048 bf16],,U1576,F20.11
1255,1579,attn_residual-20,ADD,vector,20,deltanet,2048x512,f32,4194304,,,,,0,,,,F20.11
1256,1580,norm-20,RMS_NORM,vector,20,deltanet,2048x512,f32,4194304,,,,,0,,,,F20.12
1257,1581,attn_post_norm-20,MUL,vector,20,deltanet,2048x512,f32,4194304,,,,,0,post_attention_norm.weight[2048x1 f32],,,F20.12
1258,1583,ffn_gate-20,MUL_MAT,weight_matrix,20,deltanet,6144x512,f32,12582912,6144,2048,512,1,6442450944,ffn_gate.weight[2048x6144 bf16],,P20.1,F20.13
1259,1585,ffn_up-20,MUL_MAT,weight_matrix,20,deltanet,6144x512,f32,12582912,6144,2048,512,1,6442450944,ffn_up.weight[2048x6144 bf16],,P20.1,F20.13
1260,1587,ffn_swiglu-20,GLU,vector,20,deltanet,6144x512,f32,12582912,,,,,0,,,,F20.13
1261,1588,ffn_out-20,MUL_MAT,weight_matrix,20,deltanet,2048x512,f32,4194304,2048,6144,512,1,6442450944,ffn_down.weight[6144x2048 bf16],,U1588,F20.14
1262,1590,l_out-20,ADD,vector,20,deltanet,2048x512,f32,4194304,,,,,0,,,,F20.14
1263,1591,norm-21,RMS_NORM,vector,21,deltanet,2048x512,f32,4194304,,,,,0,,,,F21.0
1264,1592,attn_norm-21,MUL,vector,21,deltanet,2048x512,f32,4194304,,,,,0,attn_norm.weight[2048x1 f32],,,F21.0
1267,1597,cache_r_l21 (reshaped) (view) (view),SCALE,vector,21,deltanet,18432x1,f32,73728,,,,,0,,writes cache_r_lN,,F21.1
1268,1598,conv_states-21,GET_ROWS,memory,21,deltanet,18432x1,f32,73728,,,,,0,,reads cache_r_lN,,F21.2
1273,1603,node_1273,MUL_MAT,weight_matrix,21,deltanet,6144x512,f32,12582912,6144,2048,512,1,6442450944,attn_qkv.weight[2048x6144 bf16],,P21.0,F21.2
1276,1607,conv_input-21,CONCAT,memory,21,deltanet,515x6144,f32,12656640,,,,,0,,,,F21.2
1279,1610,conv_state_update-21 (copy of conv_state_last-21),CPY,memory,21,deltanet,18432x1,f32,73728,,,,,0,,writes cache_r_lN,,F21.3
1282,1614,cache_s_l21 (reshaped) (view) (view),SCALE,vector,21,deltanet,262144x1,f32,1048576,,,,,0,,writes cache_s_lN,,F21.4
1283,1615,node_1283,GET_ROWS,memory,21,deltanet,262144x1,f32,1048576,,,,,0,,reads cache_s_lN,,F21.5
1287,1619,conv_output_raw-21,SSM_CONV,conv,21,deltanet,6144x512,f32,12582912,,,,,12582912,ssm_conv1d.weight[4x6144 f32],,U1619,F21.6
1288,1621,conv_output_silu-21,UNARY,vector,21,deltanet,6144x512,f32,12582912,,,,,0,,,,F21.6
1290,1623,node_1290,RMS_NORM,vector,21,deltanet,128x16x512,f32,4194304,,,,,0,,,,F21.5
1291,1624,q_conv_predelta-21,SCALE,vector,21,deltanet,128x16x512,f32,4194304,,,,,0,,,,F21.5
1293,1626,node_1293,RMS_NORM,vector,21,deltanet,128x16x512,f32,4194304,,,,,0,,,,F21.5
1294,1627,k_conv_predelta-21,SCALE,vector,21,deltanet,128x16x512,f32,4194304,,,,,0,,,,F21.5
1296,1629,node_1296,MUL_MAT,weight_matrix,21,deltanet,16x512,f32,32768,16,2048,512,1,16777216,ssm_alpha.weight[2048x16 bf16],,P21.0,F21.7
1298,1632,node_1298,ADD,vector,21,deltanet,16x512,f32,32768,,,,,0,ssm_dt.bias[16x1 f32],,,F21.7
1299,1634,a_softplus-21,UNARY,vector,21,deltanet,16x512,f32,32768,,,,,0,,,,F21.7
1300,1635,gate-21,MUL,vector,21,deltanet,16x512,f32,32768,,,,,0,ssm_a[16x1 f32],,,F21.7
1302,1638,node_1302,MUL_MAT,weight_matrix,21,deltanet,16x512,f32,32768,16,2048,512,1,16777216,ssm_beta.weight[2048x16 bf16],,P21.0,F21.8
1304,1641,beta_sigmoid-21,UNARY,vector,21,deltanet,1x16x512,f32,32768,,,,,0,,,,F21.8
1306,1643,node_1306,GATED_DELTA_NET,recurrent,21,deltanet,2048x640,f32,5242880,,,,,0,,,U1643,F21.5
1309,1646,cache_s_l21 (view) (copy of new_state-21),CPY,memory,21,deltanet,262144x1,f32,1048576,,,,,0,,writes cache_s_lN,,F21.9
1311,1648,norm-21,RMS_NORM,vector,21,deltanet,128x16x512,f32,4194304,,,,,0,,,,F21.10
1312,1649,node_1312,MUL,vector,21,deltanet,128x16x512,f32,4194304,,,,,0,ssm_norm.weight[128x1 f32],,,F21.10
1313,1651,z-21,MUL_MAT,weight_matrix,21,deltanet,2048x512,f32,4194304,2048,2048,512,1,2147483648,attn_gate.weight[2048x2048 bf16],,P21.0,F21.10
1315,1654,node_1315,UNARY,vector,21,deltanet,128x16x512,f32,4194304,,,,,0,,,,F21.10
1316,1655,node_1316,MUL,vector,21,deltanet,128x16x512,f32,4194304,,,,,0,,,,F21.10
1318,1657,linear_attn_out-21,MUL_MAT,weight_matrix,21,deltanet,2048x512,f32,4194304,2048,2048,512,1,2147483648,ssm_out.weight[2048x2048 bf16],,U1657,F21.11
1320,1660,attn_residual-21,ADD,vector,21,deltanet,2048x512,f32,4194304,,,,,0,,,,F21.11
1321,1661,norm-21,RMS_NORM,vector,21,deltanet,2048x512,f32,4194304,,,,,0,,,,F21.12
1322,1662,attn_post_norm-21,MUL,vector,21,deltanet,2048x512,f32,4194304,,,,,0,post_attention_norm.weight[2048x1 f32],,,F21.12
1323,1664,ffn_gate-21,MUL_MAT,weight_matrix,21,deltanet,6144x512,f32,12582912,6144,2048,512,1,6442450944,ffn_gate.weight[2048x6144 bf16],,P21.1,F21.13
1324,1666,ffn_up-21,MUL_MAT,weight_matrix,21,deltanet,6144x512,f32,12582912,6144,2048,512,1,6442450944,ffn_up.weight[2048x6144 bf16],,P21.1,F21.13
1325,1668,ffn_swiglu-21,GLU,vector,21,deltanet,6144x512,f32,12582912,,,,,0,,,,F21.13
1326,1669,ffn_out-21,MUL_MAT,weight_matrix,21,deltanet,2048x512,f32,4194304,2048,6144,512,1,6442450944,ffn_down.weight[6144x2048 bf16],,U1669,F21.14
1327,1671,l_out-21,ADD,vector,21,deltanet,2048x512,f32,4194304,,,,,0,,,,F21.14
1328,1672,norm-22,RMS_NORM,vector,22,deltanet,2048x512,f32,4194304,,,,,0,,,,F22.0
1329,1673,attn_norm-22,MUL,vector,22,deltanet,2048x512,f32,4194304,,,,,0,attn_norm.weight[2048x1 f32],,,F22.0
1332,1678,cache_r_l22 (reshaped) (view) (view),SCALE,vector,22,deltanet,18432x1,f32,73728,,,,,0,,writes cache_r_lN,,F22.1
1333,1679,conv_states-22,GET_ROWS,memory,22,deltanet,18432x1,f32,73728,,,,,0,,reads cache_r_lN,,F22.2
1338,1684,node_1338,MUL_MAT,weight_matrix,22,deltanet,6144x512,f32,12582912,6144,2048,512,1,6442450944,attn_qkv.weight[2048x6144 bf16],,P22.0,F22.2
1341,1688,conv_input-22,CONCAT,memory,22,deltanet,515x6144,f32,12656640,,,,,0,,,,F22.2
1344,1691,conv_state_update-22 (copy of conv_state_last-22),CPY,memory,22,deltanet,18432x1,f32,73728,,,,,0,,writes cache_r_lN,,F22.3
1347,1695,cache_s_l22 (reshaped) (view) (view),SCALE,vector,22,deltanet,262144x1,f32,1048576,,,,,0,,writes cache_s_lN,,F22.4
1348,1696,node_1348,GET_ROWS,memory,22,deltanet,262144x1,f32,1048576,,,,,0,,reads cache_s_lN,,F22.5
1352,1700,conv_output_raw-22,SSM_CONV,conv,22,deltanet,6144x512,f32,12582912,,,,,12582912,ssm_conv1d.weight[4x6144 f32],,U1700,F22.6
1353,1702,conv_output_silu-22,UNARY,vector,22,deltanet,6144x512,f32,12582912,,,,,0,,,,F22.6
1355,1704,node_1355,RMS_NORM,vector,22,deltanet,128x16x512,f32,4194304,,,,,0,,,,F22.5
1356,1705,q_conv_predelta-22,SCALE,vector,22,deltanet,128x16x512,f32,4194304,,,,,0,,,,F22.5
1358,1707,node_1358,RMS_NORM,vector,22,deltanet,128x16x512,f32,4194304,,,,,0,,,,F22.5
1359,1708,k_conv_predelta-22,SCALE,vector,22,deltanet,128x16x512,f32,4194304,,,,,0,,,,F22.5
1361,1710,node_1361,MUL_MAT,weight_matrix,22,deltanet,16x512,f32,32768,16,2048,512,1,16777216,ssm_alpha.weight[2048x16 bf16],,P22.0,F22.7
1363,1713,node_1363,ADD,vector,22,deltanet,16x512,f32,32768,,,,,0,ssm_dt.bias[16x1 f32],,,F22.7
1364,1715,a_softplus-22,UNARY,vector,22,deltanet,16x512,f32,32768,,,,,0,,,,F22.7
1365,1716,gate-22,MUL,vector,22,deltanet,16x512,f32,32768,,,,,0,ssm_a[16x1 f32],,,F22.7
1367,1719,node_1367,MUL_MAT,weight_matrix,22,deltanet,16x512,f32,32768,16,2048,512,1,16777216,ssm_beta.weight[2048x16 bf16],,P22.0,F22.8
1369,1722,beta_sigmoid-22,UNARY,vector,22,deltanet,1x16x512,f32,32768,,,,,0,,,,F22.8
1371,1724,node_1371,GATED_DELTA_NET,recurrent,22,deltanet,2048x640,f32,5242880,,,,,0,,,U1724,F22.5
1374,1727,cache_s_l22 (view) (copy of new_state-22),CPY,memory,22,deltanet,262144x1,f32,1048576,,,,,0,,writes cache_s_lN,,F22.9
1376,1729,norm-22,RMS_NORM,vector,22,deltanet,128x16x512,f32,4194304,,,,,0,,,,F22.10
1377,1730,node_1377,MUL,vector,22,deltanet,128x16x512,f32,4194304,,,,,0,ssm_norm.weight[128x1 f32],,,F22.10
1378,1732,z-22,MUL_MAT,weight_matrix,22,deltanet,2048x512,f32,4194304,2048,2048,512,1,2147483648,attn_gate.weight[2048x2048 bf16],,P22.0,F22.10
1380,1735,node_1380,UNARY,vector,22,deltanet,128x16x512,f32,4194304,,,,,0,,,,F22.10
1381,1736,node_1381,MUL,vector,22,deltanet,128x16x512,f32,4194304,,,,,0,,,,F22.10
1383,1738,linear_attn_out-22,MUL_MAT,weight_matrix,22,deltanet,2048x512,f32,4194304,2048,2048,512,1,2147483648,ssm_out.weight[2048x2048 bf16],,U1738,F22.11
1385,1741,attn_residual-22,ADD,vector,22,deltanet,2048x512,f32,4194304,,,,,0,,,,F22.11
1386,1742,norm-22,RMS_NORM,vector,22,deltanet,2048x512,f32,4194304,,,,,0,,,,F22.12
1387,1743,attn_post_norm-22,MUL,vector,22,deltanet,2048x512,f32,4194304,,,,,0,post_attention_norm.weight[2048x1 f32],,,F22.12
1388,1745,ffn_gate-22,MUL_MAT,weight_matrix,22,deltanet,6144x512,f32,12582912,6144,2048,512,1,6442450944,ffn_gate.weight[2048x6144 bf16],,P22.1,F22.13
1389,1747,ffn_up-22,MUL_MAT,weight_matrix,22,deltanet,6144x512,f32,12582912,6144,2048,512,1,6442450944,ffn_up.weight[2048x6144 bf16],,P22.1,F22.13
1390,1749,ffn_swiglu-22,GLU,vector,22,deltanet,6144x512,f32,12582912,,,,,0,,,,F22.13
1391,1750,ffn_out-22,MUL_MAT,weight_matrix,22,deltanet,2048x512,f32,4194304,2048,6144,512,1,6442450944,ffn_down.weight[6144x2048 bf16],,U1750,F22.14
1392,1752,l_out-22,ADD,vector,22,deltanet,2048x512,f32,4194304,,,,,0,,,,F22.14
1393,1753,norm-23,RMS_NORM,vector,23,full_attention,2048x512,f32,4194304,,,,,0,,,,F23.0
1394,1754,attn_norm-23,MUL,vector,23,full_attention,2048x512,f32,4194304,,,,,0,attn_norm.weight[2048x1 f32],,,F23.0
1395,1756,Qcur_full-23,MUL_MAT,weight_matrix,23,full_attention,4096x512,f32,8388608,4096,2048,512,1,4294967296,attn_q.weight[2048x4096 bf16],,P23.0,F23.1
1397,1759,norm-23,RMS_NORM,vector,23,full_attention,256x8x512,f32,4194304,,,,,0,,,,F23.2
1398,1760,Qcur_normed-23,MUL,vector,23,full_attention,256x8x512,f32,4194304,,,,,0,attn_q_norm.weight[256x1 f32],,,F23.2
1399,1762,Qcur-23,ROPE,vector,23,full_attention,256x8x512,f32,4194304,,,,,0,,,,F23.2
1400,1763,Vcur-23,MUL_MAT,weight_matrix,23,full_attention,512x512,f32,1048576,512,2048,512,1,536870912,attn_v.weight[2048x512 bf16],,P23.0,F23.3
1402,1766,Kcur-23,MUL_MAT,weight_matrix,23,full_attention,512x512,f32,1048576,512,2048,512,1,536870912,attn_k.weight[2048x512 bf16],,P23.0,F23.4
1404,1769,norm-23,RMS_NORM,vector,23,full_attention,256x2x512,f32,1048576,,,,,0,,,,F23.4
1405,1770,Kcur_normed-23,MUL,vector,23,full_attention,256x2x512,f32,1048576,,,,,0,attn_k_norm.weight[256x1 f32],,,F23.4
1406,1772,Kcur-23,ROPE,vector,23,full_attention,256x2x512,f32,1048576,,,,,0,,,,F23.4
1408,1774,cache_k_l23 (view),SET_ROWS,memory,23,full_attention,512x2048,f16,2097152,,,,,0,,writes cache_k_lN,,F23.4
1412,1780,cache_v_l23 (reshaped) (view),SET_ROWS,memory,23,full_attention,1x1048576,f16,2097152,,,,,0,,writes cache_v_lN,,F23.3
1419,1787,kq-23,MUL_MAT,act_matrix,23,full_attention,512x512x8,f32,8388608,512,256,512,8,536870912,,reads cache_k_lN,A23,F23.2
1420,1788,kq_soft_max-23,SOFT_MAX,vector,23,full_attention,512x512x8,f32,8388608,,,,,0,,,,F23.2
1421,1789,kqv-23,MUL_MAT,act_matrix,23,full_attention,256x512x8,f32,4194304,256,512,512,8,536870912,,reads cache_v_lN,A23,F23.2
1423,1791,attn_pregate-23,CONT,memory,23,full_attention,2048x512,f32,4194304,,,,,0,,,,F23.2
1425,1793,gate_reshaped-23,CONT,memory,23,full_attention,2048x512,f32,4194304,,,,,0,,,,F23.2
1426,1794,gate_sigmoid-23,UNARY,vector,23,full_attention,2048x512,f32,4194304,,,,,0,,,,F23.2
1427,1795,attn_gated-23,MUL,vector,23,full_attention,2048x512,f32,4194304,,,,,0,,,,F23.2
1428,1796,attn_output-23,MUL_MAT,weight_matrix,23,full_attention,2048x512,f32,4194304,2048,2048,512,1,2147483648,attn_output.weight[2048x2048 bf16],,U1796,F23.5
1429,1798,attn_residual-23,ADD,vector,23,full_attention,2048x512,f32,4194304,,,,,0,,,,F23.5
1430,1799,norm-23,RMS_NORM,vector,23,full_attention,2048x512,f32,4194304,,,,,0,,,,F23.6
1431,1800,attn_post_norm-23,MUL,vector,23,full_attention,2048x512,f32,4194304,,,,,0,post_attention_norm.weight[2048x1 f32],,,F23.6
1432,1802,ffn_gate-23,MUL_MAT,weight_matrix,23,full_attention,6144x512,f32,12582912,6144,2048,512,1,6442450944,ffn_gate.weight[2048x6144 bf16],,P23.1,F23.7
1433,1804,ffn_up-23,MUL_MAT,weight_matrix,23,full_attention,6144x512,f32,12582912,6144,2048,512,1,6442450944,ffn_up.weight[2048x6144 bf16],,P23.1,F23.7
1434,1806,ffn_swiglu-23,GLU,vector,23,full_attention,6144x512,f32,12582912,,,,,0,,,,F23.7
1435,1807,ffn_out-23,MUL_MAT,weight_matrix,23,full_attention,2048x512,f32,4194304,2048,6144,512,1,6442450944,ffn_down.weight[6144x2048 bf16],,U1807,F23.8
1436,1809,l_out-23,ADD,vector,23,full_attention,2048x512,f32,4194304,,,,,0,,,,F23.8
1437,1810,norm,RMS_NORM,vector,post,output_head,2048x512,f32,4194304,,,,,0,,,,Fpost.0
1438,1811,h_nextn,MUL,vector,post,output_head,2048x512,f32,4194304,,,,,0,output_norm.weight[2048x1 f32],,,Fpost.0
1439,1813,result_norm,GET_ROWS,memory,post,output_head,2048x1,f32,8192,,,,,0,,,,Fpost.0
1440,1815,result_output,MUL_MAT,weight_matrix,post,output_head,248320x1,f32,993280,248320,2048,1,1,508559360,token_embd.weight[2048x248320 bf16],,U1815,Fpost.0
